Rk,Player,Age,Team,Pos,G,GS,MP,FG,FGA,FG%,3P,3PA,3P%,2P,2PA,2P%,eFG%,FT,FTA,FT%,ORB,DRB,TRB,AST,STL,BLK,TOV,PF,PTS,Awards
1,Russell Westbrook,28,OKC,PG,81,81,34.6,10.2,24,0.425,2.5,7.2,0.343,7.7,16.8,0.459,0.476,8.8,10.4,0.845,1.7,9,10.7,10.4,1.6,0.4,5.4,2.3,31.6,"MVP-1,AS,NBA1"
2,James Harden,27,HOU,PG,81,81,36.4,8.3,18.9,0.44,3.2,9.3,0.347,5.1,9.6,0.53,0.525,9.2,10.9,0.847,1.2,7,8.1,11.2,1.5,0.5,5.7,2.7,29.1,"MVP-2,AS,NBA1"
3,Isaiah Thomas,27,BOS,PG,76,76,33.8,9,19.4,0.463,3.2,8.5,0.379,5.8,10.9,0.528,0.546,7.8,8.5,0.909,0.6,2.1,2.7,5.9,0.9,0.2,2.8,2.2,28.9,"MVP-5,AS,NBA2"
4,Anthony Davis,23,NOP,C,75,75,36.1,10.3,20.3,0.505,0.5,1.8,0.299,9.7,18.6,0.524,0.518,6.9,8.6,0.802,2.3,9.5,11.8,2.1,1.3,2.2,2.4,2.2,28,"MVP-9,AS,NBA1,DEF2"
5,DeMar DeRozan,27,TOR,SG,74,74,35.4,9.7,20.9,0.467,0.4,1.7,0.266,9.3,19.2,0.484,0.477,7.4,8.7,0.842,0.9,4.3,5.2,3.9,1.1,0.2,2.4,1.8,27.3,"MVP-11,AS,NBA3"
6,DeMarcus Cousins,26,2TM,C,72,72,34.2,9,19.9,0.452,1.8,5,0.361,7.2,14.8,0.483,0.498,7.2,9.3,0.772,2.1,8.9,11,4.6,1.4,1.3,3.7,3.9,27,AS
6,DeMarcus Cousins,26,SAC,C,55,55,34.4,9.2,20.3,0.452,1.7,4.9,0.356,7.5,15.5,0.482,0.494,7.7,10,0.77,2.1,8.5,10.6,4.8,1.4,1.3,3.8,3.7,27.8,
6,DeMarcus Cousins,26,NOP,C,17,17,33.8,8.4,18.5,0.452,2.1,5.6,0.375,6.2,12.8,0.486,0.51,5.5,7.1,0.777,2.2,10.2,12.4,3.9,1.5,1.1,3.6,4.4,24.4,
7,Damian Lillard,26,POR,PG,75,75,35.9,8.8,19.8,0.444,2.9,7.7,0.37,6,12.1,0.492,0.516,6.5,7.3,0.895,0.6,4.3,4.9,5.9,0.9,0.3,2.6,2,27,
8,LeBron James,32,CLE,SF,74,74,37.8,9.9,18.2,0.548,1.7,4.6,0.363,8.3,13.5,0.611,0.594,4.8,7.2,0.674,1.3,7.3,8.6,8.7,1.2,0.6,4.1,1.8,26.4,"MVP-4,DPOY-5,AS,NBA1"
9,Kawhi Leonard,25,SAS,SF,74,74,33.4,8.6,17.7,0.485,2,5.2,0.38,6.6,12.5,0.529,0.541,6.3,7.2,0.88,1.1,4.7,5.8,3.5,1.8,0.7,2.1,1.6,25.5,"MVP-3,DPOY-3,AS,NBA1,DEF1"
10,Stephen Curry,28,GSW,PG,79,79,33.4,8.5,18.3,0.468,4.1,10,0.411,4.4,8.3,0.537,0.58,4.1,4.6,0.898,0.8,3.7,4.5,6.6,1.8,0.2,3,2.3,25.3,"MVP-6,AS,NBA2"
11,Kyrie Irving,24,CLE,PG,72,72,35.1,9.3,19.7,0.473,2.5,6.1,0.401,6.9,13.6,0.505,0.535,4.1,4.6,0.905,0.7,2.5,3.2,5.8,1.2,0.3,2.5,2.2,25.2,AS
12,Kevin Durant,28,GSW,PF,62,62,33.4,8.9,16.5,0.537,1.9,5,0.375,7,11.5,0.608,0.594,5.4,6.2,0.875,0.6,7.6,8.3,4.8,1.1,1.6,2.2,1.9,25.1,"MVP-9,AS,NBA2"
13,Karl-Anthony Towns,21,MIN,C,82,82,37,9.8,18,0.542,1.2,3.4,0.367,8.5,14.7,0.582,0.576,4.3,5.2,0.832,3.6,8.7,12.3,2.7,0.7,1.3,2.6,2.9,25.1,
14,Jimmy Butler,27,CHI,SF,76,75,37,7.5,16.5,0.455,1.2,3.3,0.367,6.3,13.2,0.477,0.492,7.7,8.9,0.865,1.7,4.5,6.2,5.5,1.9,0.4,2.1,1.5,23.9,"AS,NBA3"
15,Paul George,26,IND,SF,75,75,35.9,8.3,18,0.461,2.6,6.6,0.393,5.7,11.4,0.501,0.534,4.5,5,0.898,0.8,5.8,6.6,3.3,1.6,0.4,2.9,2.7,23.7,AS
16,Andrew Wiggins,21,MIN,SF,82,82,37.2,8.6,19.1,0.452,1.3,3.5,0.356,7.4,15.6,0.473,0.484,5,6.6,0.76,1.2,2.8,4,2.3,1,0.4,2.3,2.2,23.6,
17,Kemba Walker,26,CHO,PG,79,79,34.7,8.1,18.3,0.444,3,7.6,0.399,5.1,10.7,0.476,0.527,3.8,4.5,0.847,0.6,3.3,3.9,5.5,1.1,0.3,2.1,1.5,23.2,AS
18,Bradley Beal,23,WAS,SG,77,77,34.9,8.3,17.2,0.482,2.9,7.2,0.404,5.4,10,0.538,0.566,3.7,4.4,0.825,0.7,2.4,3.1,3.5,1.1,0.3,2,2.2,23.1,
19,John Wall,26,WAS,PG,78,78,36.4,8.3,18.4,0.451,1.1,3.5,0.327,7.2,14.9,0.48,0.482,5.4,6.8,0.801,0.8,3.4,4.2,10.7,2,0.6,4.1,1.9,23.1,"MVP-7,AS,NBA3"
20,CJ McCollum,25,POR,SG,80,80,35,8.7,18,0.48,2.3,5.5,0.421,6.3,12.5,0.506,0.544,3.4,3.7,0.912,0.8,2.9,3.6,3.6,0.9,0.5,2.2,2.5,23,
21,Giannis Antetokounmpo,22,MIL,SF,80,80,35.6,8.2,15.7,0.521,0.6,2.3,0.272,7.6,13.5,0.563,0.541,5.9,7.7,0.77,1.8,7,8.8,5.4,1.6,1.9,2.9,3.1,22.9,"MVP-7,MIP-1,AS,NBA2,DEF2"
22,Carmelo Anthony,32,NYK,SF,74,74,34.3,8.1,18.8,0.433,2,5.7,0.359,6.1,13.1,0.466,0.488,4.1,4.9,0.833,0.8,5.1,5.9,2.9,0.8,0.5,2.1,2.7,22.4,AS
23,Kyle Lowry,30,TOR,PG,60,60,37.4,7.1,15.3,0.464,3.2,7.8,0.412,3.9,7.5,0.518,0.569,5,6.1,0.819,0.8,4,4.8,7,1.5,0.3,2.9,2.8,22.4,AS
Rk,Player,Age,Team,Pos,G,GS,MP,FG,FGA,FG%,3P,3PA,3P%,2P,2PA,2P%,eFG%,FT,FTA,FT%,ORB,DRB,TRB,AST,STL,BLK,TOV,PF,PTS,Awards
24,Klay Thompson,26,GSW,SG,78,78,34,8.3,17.6,0.468,3.4,8.3,0.414,4.8,9.3,0.516,0.565,2.4,2.8,0.853,0.6,3,3.7,2.1,0.8,0.5,1.6,1.8,22.3,AS
25,Devin Booker,20,PHO,SG,78,78,35,7.8,18.3,0.423,1.9,5.2,0.363,5.9,13.2,0.447,0.475,4.7,5.7,0.832,0.6,2.6,3.2,3.4,0.9,0.3,3.1,3.1,22.1,
26,Gordon Hayward,26,UTA,SF,73,73,34.5,7.5,15.8,0.471,2,5.1,0.398,5.4,10.7,0.506,0.536,5,5.9,0.844,0.7,4.7,5.4,3.5,1,0.3,1.9,1.6,21.9,AS
27,Blake Griffin,27,LAC,PF,61,61,34,7.9,15.9,0.493,0.6,1.9,0.336,7.2,14.1,0.514,0.513,5.2,6.9,0.76,1.8,6.3,8.1,4.9,0.9,0.4,2.3,2.6,21.6,
28,Eric Bledsoe,27,PHO,PG,66,66,33,6.8,15.7,0.434,1.6,4.7,0.335,5.2,11,0.477,0.485,5.9,6.9,0.847,0.8,4.1,4.8,6.3,1.4,0.5,3.4,2.5,21.1,
29,Mike Conley,29,MEM,PG,69,68,33.2,6.7,14.6,0.46,2.5,6.1,0.408,4.2,8.6,0.497,0.545,4.6,5.3,0.859,0.4,3,3.5,6.3,1.3,0.3,2.3,1.8,20.5,
30,Brook Lopez,28,BRK,C,75,75,29.6,7.4,15.6,0.474,1.8,5.2,0.346,5.6,10.5,0.536,0.531,3.9,4.9,0.81,1.6,3.8,5.4,2.3,0.5,1.7,2.5,2.6,20.5,
31,Goran Dragić,30,MIA,PG,73,73,33.7,7.3,15.4,0.475,1.6,4,0.405,5.7,11.4,0.499,0.527,4.1,5.2,0.79,0.8,3,3.8,5.8,1.2,0.2,2.9,2.7,20.3,
32,Joel Embiid,22,PHI,C,31,31,25.4,6.5,13.8,0.466,1.2,3.2,0.367,5.3,10.7,0.495,0.508,6.2,7.9,0.783,2,5.9,7.8,2.1,0.9,2.5,3.8,3.6,20.2,ROY-3
33,Jabari Parker,21,MIL,PF,51,50,33.9,7.8,16,0.49,1.3,3.5,0.365,6.5,12.5,0.525,0.53,3.2,4.3,0.743,1.5,4.6,6.2,2.8,1,0.4,1.8,2.2,20.1,
34,Marc Gasol,32,MEM,C,74,74,34.2,7.2,15.7,0.459,1.4,3.6,0.388,5.8,12.1,0.48,0.503,3.8,4.5,0.837,0.8,5.5,6.3,4.6,0.9,1.3,2.2,2.3,19.5,AS
35,Harrison Barnes,24,DAL,PF,79,79,35.5,7.6,16.2,0.468,1,2.8,0.351,6.6,13.4,0.492,0.498,3.1,3.6,0.861,1.2,3.8,5,1.5,0.8,0.2,1.3,1.6,19.2,
36,Kevin Love,28,CLE,PF,60,60,31.4,6.2,14.5,0.427,2.4,6.5,0.373,3.8,8,0.471,0.51,4.3,4.9,0.871,2.5,8.6,11.1,1.9,0.9,0.4,2,2.1,19,AS
37,Zach LaVine,21,MIN,SG,47,47,37.2,6.9,15.1,0.459,2.6,6.6,0.387,4.4,8.5,0.515,0.544,2.5,3,0.836,0.4,3,3.4,3,0.9,0.2,1.8,2.2,18.9,
38,Rudy Gay,30,SAC,SF,30,30,33.8,6.7,14.7,0.455,1.4,3.8,0.372,5.3,11,0.483,0.502,3.9,4.6,0.855,1.2,5.2,6.3,2.8,1.5,0.9,2.5,2.6,18.7,
39,Dwyane Wade,35,CHI,SG,60,59,29.9,6.9,15.9,0.434,0.8,2.4,0.31,6.2,13.5,0.456,0.457,3.7,4.7,0.794,1.1,3.5,4.5,3.8,1.4,0.7,2.3,1.9,18.3,
40,Danilo Gallinari,28,DEN,SF,63,63,33.9,5.3,11.9,0.447,2,5.1,0.389,3.3,6.8,0.491,0.531,5.5,6.1,0.902,0.6,4.5,5.2,2.1,0.6,0.2,1.3,1.5,18.2,
41,Paul Millsap,31,ATL,PF,69,67,34,6.2,14.1,0.442,1.1,3.5,0.311,5.1,10.6,0.486,0.481,4.5,5.9,0.768,1.6,6.1,7.7,3.7,1.3,0.9,2.3,2.7,18.1,AS
42,Chris Paul,31,LAC,PG,61,61,31.5,6.1,12.9,0.476,2,5,0.411,4.1,7.9,0.518,0.555,3.8,4.3,0.892,0.7,4.3,5,9.2,2,0.1,2.4,2.4,18.1,DEF1
43,Kristaps Porziņģis,21,NYK,PF,66,65,32.8,6.7,14.9,0.45,1.7,4.8,0.357,5,10.2,0.493,0.507,3,3.8,0.786,1.7,5.5,7.2,1.5,0.7,2,1.8,3.7,18.1,
44,Derrick Rose,28,NYK,PG,64,64,32.5,7.2,15.3,0.471,0.2,0.9,0.217,7,14.3,0.487,0.477,3.5,4,0.874,1,2.8,3.8,4.4,0.7,0.3,2.3,1.3,18,
45,Dennis Schröder,23,ATL,PG,79,78,31.5,6.9,15.4,0.451,1.3,3.7,0.34,5.7,11.6,0.487,0.493,2.8,3.2,0.855,0.5,2.6,3.1,6.3,0.9,0.2,3.3,1.9,17.9,
46,Lou Williams,30,2TM,SG,81,1,24.6,5.3,12.3,0.429,2,5.5,0.365,3.3,6.8,0.48,0.511,5,5.6,0.88,0.3,2.2,2.5,3,1,0.2,2,1.1,17.5,6MOY-3
46,Lou Williams,30,LAL,SG,58,1,24.2,5.6,12.7,0.444,2.1,5.5,0.385,3.5,7.2,0.489,0.527,5.2,5.9,0.884,0.2,2,2.3,3.2,1.1,0.2,2.1,1.2,18.6,
46,Lou Williams,30,HOU,SG,23,0,25.7,4.4,11.5,0.386,1.8,5.6,0.318,2.7,5.9,0.452,0.464,4.3,4.9,0.867,0.5,2.5,3,2.4,0.7,0.4,1.7,1.1,14.9,
Rk,Player,Age,Team,Pos,G,GS,MP,FG,FGA,FG%,3P,3PA,3P%,2P,2PA,2P%,eFG%,FT,FTA,FT%,ORB,DRB,TRB,AST,STL,BLK,TOV,PF,PTS,Awards
47,LaMarcus Aldridge,31,SAS,PF,72,72,32.4,6.9,14.6,0.477,0.3,0.8,0.411,6.6,13.8,0.48,0.488,3.1,3.8,0.812,2.4,4.9,7.3,1.9,0.6,1.2,1.4,2.2,17.3,DPOY-8
48,Evan Fournier,24,ORL,SG,68,66,32.9,6,13.7,0.439,1.9,5.3,0.356,4.1,8.4,0.491,0.508,3.3,4.1,0.805,0.6,2.4,3.1,3,1,0.1,2.1,2.6,17.2,
49,Hassan Whiteside,27,MIA,C,77,77,32.6,7,12.6,0.557,0,0,,7,12.6,0.557,0.557,2.9,4.6,0.628,3.8,10.3,14.1,0.7,0.7,2.1,2,2.9,17,DPOY-5
50,George Hill,30,UTA,PG,49,49,31.5,5.9,12.4,0.477,1.9,4.8,0.403,4,7.6,0.523,0.554,3.2,4,0.801,0.5,2.9,3.4,4.2,1,0.2,1.7,2.3,16.9,
51,Nikola Jokić,21,DEN,C,73,59,27.9,6.8,11.7,0.578,0.6,1.9,0.324,6.2,9.8,0.628,0.605,2.6,3.1,0.825,2.9,6.9,9.8,4.9,0.8,0.8,2.3,2.9,16.7,
52,Avery Bradley,26,BOS,SG,55,55,33.4,6.5,14.1,0.463,2,5,0.39,4.6,9.1,0.504,0.533,1.2,1.7,0.731,1.2,4.9,6.1,2.2,1.2,0.2,1.6,2.6,16.3,
53,Eric Gordon,28,HOU,SG,75,15,31,5.5,13.5,0.406,3.3,8.8,0.372,2.2,4.7,0.468,0.527,2,2.3,0.84,0.4,2.3,2.7,2.5,0.6,0.5,1.6,2,16.2,6MOY-1
54,Tobias Harris,24,DET,PF,82,48,31.3,6.2,13,0.481,1.3,3.8,0.347,4.9,9.1,0.537,0.532,2.3,2.8,0.841,0.8,4.3,5.1,1.7,0.7,0.5,1.2,1.6,16.1,
55,Victor Oladipo,24,OKC,SG,67,67,33.2,6.1,13.9,0.442,1.9,5.3,0.361,4.3,8.7,0.491,0.51,1.7,2.3,0.753,0.6,3.8,4.3,2.6,1.2,0.3,1.8,2.3,15.9,
56,Dion Waiters,25,MIA,SG,46,43,30.1,6.1,14.4,0.424,1.8,4.7,0.395,4.3,9.7,0.438,0.488,1.8,2.8,0.646,0.4,2.9,3.3,4.3,0.9,0.4,2.2,2.1,15.8,
57,Wilson Chandler,29,DEN,SF,71,33,30.9,6.1,13.2,0.461,1.5,4.6,0.337,4.5,8.6,0.527,0.52,2,2.7,0.727,1.5,5,6.5,2,0.7,0.4,1.6,2.4,15.7,
58,D'Angelo Russell,20,LAL,PG,63,60,28.7,5.6,13.8,0.405,2.1,6.1,0.352,3.4,7.7,0.447,0.483,2.3,3,0.782,0.5,3,3.5,4.8,1.4,0.3,2.8,2.1,15.6,
59,Jrue Holiday,26,NOP,PG,67,61,32.7,6,13.3,0.454,1.5,4.2,0.356,4.6,9.1,0.498,0.51,1.8,2.5,0.708,0.7,3.3,3.9,7.3,1.5,0.7,2.9,2,15.4,
60,Jeff Teague,28,IND,PG,82,82,32.4,4.9,11.1,0.442,1.1,3.1,0.357,3.8,8,0.475,0.492,4.4,5.1,0.867,0.4,3.6,4,7.8,1.2,0.4,2.6,2,15.3,
61,Nicolas Batum,28,CHO,SG,77,77,34,5.1,12.7,0.403,1.8,5.3,0.333,3.4,7.4,0.453,0.472,3.2,3.7,0.856,0.6,5.6,6.2,5.9,1.1,0.4,2.5,1.4,15.1,
62,JJ Redick,32,LAC,SG,78,78,28.2,5.1,11.4,0.445,2.6,6,0.429,2.5,5.4,0.462,0.558,2.3,2.6,0.891,0.1,2.1,2.2,1.4,0.7,0.2,1.3,1.6,15,
63,Gary Harris,22,DEN,SG,57,56,31.3,5.6,11.2,0.502,1.9,4.5,0.42,3.7,6.7,0.558,0.586,1.8,2.4,0.776,0.8,2.3,3.1,2.9,1.2,0.1,1.3,1.6,14.9,
64,Serge Ibaka,27,2TM,PF,79,79,30.7,6,12.4,0.48,1.6,4,0.391,4.4,8.4,0.522,0.543,1.4,1.6,0.856,1.6,5.2,6.8,0.9,0.5,1.6,1.3,2.7,14.8,
64,Serge Ibaka,27,ORL,PF,56,56,30.5,6.1,12.6,0.488,1.5,3.8,0.388,4.6,8.7,0.532,0.547,1.4,1.6,0.846,1.8,5,6.8,1.1,0.6,1.6,1.2,2.5,15.1,
64,Serge Ibaka,27,TOR,PF,23,23,31,5.6,12.1,0.459,1.8,4.5,0.398,3.8,7.7,0.494,0.532,1.3,1.5,0.882,1.3,5.5,6.8,0.7,0.3,1.4,1.7,3.3,14.2,
65,Jordan Clarkson,24,LAL,SG,82,19,29.2,5.8,13.1,0.445,1.4,4.3,0.329,4.4,8.7,0.503,0.5,1.6,2,0.798,0.6,2.4,3,2.6,1.1,0.1,2,1.8,14.7,
66,Khris Middleton,25,MIL,SF,29,23,30.7,5.2,11.5,0.45,1.6,3.6,0.433,3.6,7.9,0.459,0.518,2.8,3.2,0.88,0.4,3.9,4.2,3.4,1.4,0.2,2.2,2.7,14.7,
67,Nikola Vučević,26,ORL,C,75,55,28.8,6.4,13.7,0.468,0.3,1,0.307,6.1,12.7,0.481,0.48,1.4,2.1,0.669,2.3,8,10.4,2.8,1,1,1.6,2.4,14.6,
68,Tim Hardaway Jr.,24,ATL,SG,79,30,27.3,5.3,11.5,0.455,1.9,5.3,0.357,3.4,6.3,0.537,0.537,2.1,2.7,0.766,0.4,2.4,2.8,2.3,0.7,0.2,1.3,1.3,14.5,6MOY-10
69,Reggie Jackson,26,DET,PG,52,50,27.4,5.5,13,0.419,1.3,3.5,0.359,4.2,9.5,0.442,0.468,2.3,2.6,0.868,0.4,1.8,2.2,5.2,0.7,0.1,2.2,2.5,14.5,
Rk,Player,Age,Team,Pos,G,GS,MP,FG,FGA,FG%,3P,3PA,3P%,2P,2PA,2P%,eFG%,FT,FTA,FT%,ORB,DRB,TRB,AST,STL,BLK,TOV,PF,PTS,Awards
70,Jeremy Lin,28,BRK,PG,36,33,24.5,4.9,11.1,0.438,1.6,4.3,0.372,3.3,6.8,0.48,0.51,3.2,3.9,0.816,0.3,3.4,3.8,5.1,1.2,0.4,2.4,2.2,14.5,
71,Myles Turner,20,IND,C,81,81,31.4,5.5,10.7,0.511,0.5,1.4,0.348,5,9.3,0.536,0.534,3,3.7,0.809,1.7,5.6,7.3,1.3,0.9,2.1,1.3,3.2,14.5,
72,T.J. Warren,23,PHO,SF,66,59,31,6.1,12.3,0.495,0.4,1.5,0.265,5.7,10.8,0.527,0.511,1.8,2.3,0.773,1.9,3.2,5.1,1.1,1.2,0.6,0.9,2.7,14.4,
73,Enes Freedom,24,OKC,C,72,0,21.3,5.6,10.2,0.545,0.1,0.5,0.132,5.5,9.7,0.568,0.549,3.1,4,0.786,2.7,4,6.7,0.9,0.4,0.5,1.7,2.1,14.3,6MOY-8
74,Dirk Nowitzki,38,DAL,PF,54,54,26.4,5.5,12.6,0.437,1.5,3.9,0.378,4,8.7,0.463,0.495,1.8,2.1,0.875,0.4,6.1,6.5,1.5,0.6,0.7,0.9,2.1,14.2,
75,Jordan Crawford,28,NOP,SG,19,0,23.3,5.5,11.5,0.482,1.9,5,0.389,3.6,6.5,0.553,0.567,1.1,1.4,0.769,0.2,1.6,1.8,3,0.6,0.1,1.3,1.6,14.1,
76,Zach Randolph,35,MEM,PF,73,5,24.5,5.9,13.2,0.449,0.3,1.3,0.223,5.6,11.9,0.474,0.46,1.9,2.6,0.731,2.5,5.7,8.2,1.7,0.5,0.1,1.4,1.9,14.1,6MOY-4
77,Rudy Gobert,24,UTA,C,81,81,33.9,5.1,7.7,0.661,0,0,0,5.1,7.7,0.662,0.661,3.8,5.9,0.653,3.9,8.9,12.8,1.2,0.6,2.6,1.8,3,14,"DPOY-2,NBA2,DEF1"
78,Al Horford,30,BOS,C,68,68,32.3,5.6,11.8,0.473,1.3,3.6,0.355,4.3,8.2,0.524,0.527,1.6,2,0.8,1.4,5.4,6.8,5,0.8,1.3,1.7,2,14,
79,Marcus Morris,27,DET,SF,79,79,32.5,5.3,12.7,0.418,1.5,4.5,0.331,3.8,8.2,0.466,0.477,1.8,2.3,0.784,1,3.7,4.6,2,0.7,0.3,1.1,2.1,14,
80,Markieff Morris,27,WAS,PF,76,76,31.2,5.3,11.7,0.457,0.9,2.6,0.362,4.4,9.1,0.483,0.497,2.4,2.8,0.837,1.4,5.1,6.5,1.7,1.1,0.6,1.7,3.3,14,
81,Jae Crowder,26,BOS,SF,72,72,32.4,4.6,10,0.463,2.2,5.5,0.398,2.4,4.5,0.54,0.572,2.4,3,0.811,0.7,5.1,5.8,2.2,1,0.3,1.1,2.2,13.9,
82,Kentavious Caldwell-Pope,23,DET,SG,76,75,33.3,4.9,12.2,0.399,2,5.8,0.35,2.9,6.5,0.442,0.481,2,2.4,0.832,0.7,2.5,3.3,2.5,1.2,0.2,1.1,1.6,13.8,
83,Bojan Bogdanović,27,2TM,SF,81,54,25.7,4.6,10.4,0.445,1.8,4.8,0.367,2.9,5.6,0.512,0.53,2.7,3,0.893,0.5,3,3.4,1.4,0.4,0.1,1.6,1.8,13.7,
83,Bojan Bogdanović,27,BRK,SF,55,54,26.9,4.9,11.1,0.44,1.8,5,0.357,3.1,6.1,0.509,0.521,2.7,3,0.874,0.4,3.2,3.6,1.6,0.4,0.1,1.7,1.8,14.2,
83,Bojan Bogdanović,27,WAS,SF,26,0,23.1,4.1,9,0.457,1.7,4.4,0.391,2.4,4.6,0.521,0.553,2.7,2.9,0.934,0.5,2.5,3.1,0.8,0.4,0.2,1.5,1.8,12.7,
84,Will Barton,26,DEN,SG,60,19,28.4,4.9,11.1,0.443,1.5,3.9,0.37,3.5,7.2,0.483,0.508,2.4,3.2,0.753,1,3.4,4.3,3.4,0.8,0.5,1.6,1.8,13.7,
85,Tyler Johnson,24,MIA,PG,73,0,29.8,4.9,11.3,0.433,1.3,3.4,0.372,3.6,7.9,0.46,0.49,2.7,3.5,0.768,0.7,3.3,4,3.2,1.2,0.6,1.2,2.4,13.7,6MOY-11
86,Ryan Anderson,28,HOU,PF,72,72,29.4,4.5,10.7,0.418,2.8,7,0.403,1.7,3.7,0.446,0.55,1.8,2.1,0.86,1.6,3,4.6,0.9,0.4,0.2,0.8,2,13.6,
87,Andre Drummond,23,DET,C,81,81,29.7,6,11.2,0.53,0,0.1,0.286,5.9,11.2,0.532,0.531,1.7,4.4,0.386,4.3,9.5,13.8,1.1,1.5,1.1,1.9,2.9,13.6,
88,Dwight Howard,31,ATL,C,74,74,29.7,5.2,8.3,0.633,0,0,0,5.2,8.3,0.635,0.633,3.1,5.7,0.533,4,8.7,12.7,1.4,0.9,1.2,2.3,2.7,13.5,
89,Wesley Matthews,30,DAL,SG,73,73,34.2,4.6,11.6,0.393,2.4,6.6,0.363,2.2,5,0.432,0.496,2,2.5,0.816,0.2,3.3,3.5,2.9,1.1,0.2,1.4,2.2,13.5,
90,Otto Porter Jr.,23,WAS,SF,80,80,32.6,5.2,10,0.516,1.9,4.3,0.434,3.3,5.8,0.576,0.608,1.2,1.5,0.832,1.5,5,6.4,1.5,1.5,0.5,0.6,2.4,13.4,
91,Darren Collison,29,SAC,PG,68,64,30.3,5,10.5,0.476,1.1,2.6,0.417,3.9,7.9,0.495,0.527,2.2,2.5,0.86,0.3,1.9,2.2,4.6,1,0.1,1.7,1.8,13.2,
92,Julius Randle,22,LAL,PF,74,73,28.8,5.1,10.4,0.488,0.2,0.9,0.27,4.9,9.6,0.507,0.499,2.8,3.8,0.723,2,6.6,8.6,3.6,0.7,0.5,2.3,3.4,13.2,
Rk,Player,Age,Team,Pos,G,GS,MP,FG,FGA,FG%,3P,3PA,3P%,2P,2PA,2P%,eFG%,FT,FTA,FT%,ORB,DRB,TRB,AST,STL,BLK,TOV,PF,PTS,Awards
93,Nick Young,31,LAL,SG,60,60,25.9,4.5,10.6,0.43,2.8,7,0.404,1.7,3.5,0.481,0.564,1.3,1.5,0.856,0.4,1.9,2.3,1,0.6,0.2,0.6,2.3,13.2,
94,Ersan İlyasova,29,3TM,PF,82,52,26.1,4.7,10.9,0.431,1.7,4.9,0.353,3,6,0.496,0.511,2,2.5,0.778,1.4,4.5,5.9,1.7,0.7,0.3,1.4,2.6,13.1,
94,Ersan İlyasova,29,OKC,PF,3,0,20.7,2,5.3,0.375,1,4,0.25,1,1.3,0.75,0.469,0,0,,0.7,4.7,5.3,0.3,1,0.3,1.3,1.7,5,
94,Ersan İlyasova,29,PHI,PF,53,40,27.3,5.4,12.2,0.44,2,5.6,0.359,3.4,6.6,0.509,0.522,2.1,2.7,0.768,1.3,4.6,5.9,1.8,0.6,0.3,1.5,2.5,14.8,
94,Ersan İlyasova,29,ATL,PF,26,12,24.3,3.6,8.7,0.412,1.2,3.5,0.348,2.3,5.2,0.455,0.482,2,2.5,0.8,1.6,4.2,5.8,1.7,0.8,0.3,1.3,2.8,10.4,
95,Sean Kilpatrick,27,BRK,SG,70,24,25.1,4.4,10.5,0.415,1.5,4.4,0.341,2.9,6.1,0.468,0.486,2.9,3.5,0.843,0.3,3.7,4,2.2,0.6,0.1,1.9,1.7,13.1,
96,Robert Covington,26,PHI,SF,67,67,31.6,4.4,10.9,0.399,2,6.1,0.333,2.3,4.8,0.484,0.492,2.1,2.6,0.822,1.4,5.1,6.5,1.5,1.9,1,2,3,12.9,DPOY-4
97,Seth Curry,26,DAL,PG,70,42,29,4.8,10,0.481,2,4.6,0.425,2.9,5.4,0.528,0.578,1.2,1.4,0.85,0.4,2.2,2.6,2.7,1.1,0.1,1.3,1.8,12.8,
98,James Johnson,29,MIA,PF,76,5,27.4,4.8,10.1,0.479,1.1,3.4,0.34,3.7,6.8,0.548,0.535,2,2.8,0.707,0.9,4.1,4.9,3.6,1,1.1,2.3,2.6,12.8,6MOY-5
99,Elfrid Payton,22,ORL,PG,82,58,29.4,5.2,11.1,0.471,0.5,1.8,0.274,4.8,9.3,0.509,0.493,1.8,2.6,0.692,1.1,3.6,4.7,6.5,1.1,0.5,2.2,2.2,12.8,
100,Dario Šarić,22,PHI,PF,81,36,26.3,4.7,11.4,0.411,1.3,4.2,0.311,3.4,7.2,0.469,0.468,2.1,2.7,0.782,1.4,5,6.3,2.2,0.7,0.4,2.3,2,12.8,ROY-2
101,Aaron Gordon,21,ORL,SF,80,72,28.7,4.9,10.8,0.454,1,3.3,0.288,4,7.5,0.528,0.499,2,2.7,0.719,1.5,3.6,5.1,1.9,0.8,0.5,1.1,2.2,12.7,
102,Rodney Hood,24,UTA,SG,59,55,27,4.6,11.3,0.408,1.9,5.2,0.371,2.7,6.1,0.44,0.494,1.5,1.9,0.783,0.3,3.2,3.4,1.6,0.6,0.2,1.1,2.2,12.7,
103,DeAndre Jordan,28,LAC,C,81,81,31.7,5.1,7.1,0.714,0,0,0,5.1,7.1,0.717,0.714,2.5,5.2,0.482,3.7,10.1,13.8,1.2,0.6,1.7,1.4,2.6,12.7,"AS,NBA3"
104,Clint Capela,22,HOU,C,65,59,23.9,5.6,8.7,0.643,0,0,,5.6,8.7,0.643,0.643,1.4,2.7,0.531,2.7,5.4,8.1,1,0.5,1.2,1.3,2.8,12.6,
105,Pau Gasol,36,SAS,C,64,39,25.4,4.7,9.4,0.502,0.9,1.6,0.538,3.9,7.8,0.494,0.548,2,2.9,0.707,1.7,6.2,7.8,2.3,0.4,1.1,1.3,1.7,12.4,
106,Jamal Crawford,36,LAC,SG,82,1,26.3,4.4,10.6,0.413,1.4,3.9,0.36,3,6.7,0.443,0.479,2.1,2.5,0.857,0.2,1.4,1.6,2.6,0.7,0.2,1.6,1.4,12.3,6MOY-7
107,Austin Rivers,24,LAC,SG,74,29,27.8,4.4,9.9,0.442,1.5,4,0.371,2.9,5.8,0.491,0.518,1.8,2.6,0.691,0.3,1.9,2.2,2.8,0.6,0.1,1.6,2.5,12,
108,Jonas Valančiūnas,24,TOR,C,80,80,25.8,4.9,8.8,0.557,0,0,0.5,4.9,8.8,0.557,0.558,2.2,2.7,0.811,2.8,6.7,9.5,0.7,0.5,0.8,1.3,2.7,12,
109,Jahlil Okafor,21,PHI,C,50,33,22.7,4.8,9.4,0.514,0,0,,4.8,9.4,0.514,0.514,2.1,3.2,0.671,1.6,3.2,4.8,1.2,0.4,1,1.8,2.4,11.8,
110,Trevor Ariza,31,HOU,SF,80,80,34.7,4.1,10,0.409,2.4,6.9,0.344,1.7,3,0.556,0.528,1.2,1.6,0.738,0.7,5.1,5.7,2.2,1.8,0.3,0.9,1.7,11.7,
111,Frank Kaminsky,23,CHO,C,75,16,26.1,4.3,10.7,0.399,1.5,4.7,0.328,2.7,6,0.455,0.471,1.6,2.1,0.756,0.8,3.7,4.5,2.2,0.6,0.5,1,1.9,11.7,
112,Greg Monroe,26,MIL,C,81,0,22.5,4.8,9,0.533,0,0,0,4.8,8.9,0.536,0.533,2.2,3,0.741,2.1,4.5,6.6,2.3,1.1,0.5,1.7,2.1,11.7,6MOY-6
113,Steven Adams,23,OKC,C,80,80,29.9,4.7,8.2,0.571,0,0,0,4.7,8.2,0.572,0.571,2,3.2,0.611,3.5,4.2,7.7,1.1,1.1,1,1.8,2.4,11.3,
114,Marvin Williams,30,CHO,PF,76,76,30.2,3.9,9.3,0.422,1.6,4.7,0.35,2.3,4.6,0.494,0.51,1.7,2,0.873,1.2,5.4,6.6,1.4,0.8,0.7,0.8,1.8,11.2,
Rk,Player,Age,Team,Pos,G,GS,MP,FG,FGA,FG%,3P,3PA,3P%,2P,2PA,2P%,eFG%,FT,FTA,FT%,ORB,DRB,TRB,AST,STL,BLK,TOV,PF,PTS,Awards
115,Ricky Rubio,26,MIN,PG,75,75,32.9,3.5,8.7,0.402,0.8,2.6,0.306,2.7,6.1,0.443,0.448,3.4,3.8,0.891,0.9,3.2,4.1,9.1,1.7,0.1,2.6,2.7,11.1,
116,Deron Williams,32,2TM,PG,64,44,25.9,4.1,9.4,0.438,1.3,3.7,0.363,2.8,5.7,0.486,0.509,1.4,1.7,0.826,0.2,2.1,2.3,5.6,0.5,0.1,2.2,2.2,11,
116,Deron Williams,32,DAL,PG,40,40,29.3,4.9,11.3,0.43,1.6,4.5,0.348,3.3,6.8,0.485,0.5,1.7,2.1,0.821,0.3,2.2,2.6,6.9,0.6,0.1,2.5,2.4,13.1,
116,Deron Williams,32,CLE,PG,24,4,20.3,2.8,6.1,0.463,0.9,2.2,0.415,1.9,3.9,0.489,0.537,0.9,1,0.84,0,1.8,1.9,3.6,0.3,0.3,1.7,1.8,7.5,
117,Terrence Ross,25,2TM,SF,78,24,25.1,4.2,9.6,0.437,1.8,5,0.363,2.4,4.6,0.518,0.532,0.8,1,0.831,0.2,2.4,2.6,1.1,1.1,0.4,0.9,1.8,11,
117,Terrence Ross,25,TOR,SF,54,0,22.4,3.9,8.9,0.441,1.8,4.7,0.375,2.1,4.1,0.516,0.541,0.8,0.9,0.82,0.3,2.3,2.6,0.8,1,0.4,0.6,1.5,10.4,
117,Terrence Ross,25,ORL,SF,24,24,31.2,4.8,11.1,0.431,1.9,5.6,0.341,2.9,5.5,0.523,0.517,1,1.1,0.852,0.2,2.7,2.8,1.8,1.4,0.5,1.5,2.5,12.5,
118,Jerryd Bayless,28,PHI,PG,3,1,23.7,3.7,10.7,0.344,0.7,1.7,0.4,3,9,0.333,0.375,3,3.3,0.9,1,3,4,4.3,0,0,3,1.3,11,
119,Kent Bazemore,27,ATL,SF,73,64,26.9,4,9.9,0.409,1.3,3.6,0.346,2.8,6.2,0.446,0.473,1.6,2.3,0.708,0.6,2.5,3.2,2.4,1.2,0.7,1.7,2.3,11,
120,Brandon Knight,25,PHO,SG,54,5,21.1,3.9,9.7,0.398,0.8,2.6,0.324,3,7.1,0.425,0.441,2.4,2.9,0.857,0.5,1.7,2.2,2.4,0.5,0.1,1.6,1.6,11,
121,Emmanuel Mudiay,20,DEN,PG,55,41,25.6,3.8,10,0.377,1,3.2,0.315,2.8,6.8,0.408,0.428,2.4,3,0.784,0.5,2.7,3.2,3.9,0.7,0.2,2.2,1.7,11,
122,Thaddeus Young,28,IND,PF,74,74,30.2,4.9,9.3,0.527,0.6,1.6,0.381,4.3,7.7,0.557,0.56,0.6,1.2,0.523,1.8,4.3,6.1,1.6,1.5,0.4,1.3,1.8,11,
123,J.J. Barea,32,DAL,PG,35,6,22,4.1,9.8,0.414,1.5,4.2,0.358,2.5,5.6,0.456,0.491,1.3,1.5,0.863,0.3,2.1,2.4,5.5,0.4,0,1.8,0.9,10.9,
124,Justise Winslow,20,MIA,SF,18,15,34.7,4.4,12.5,0.356,0.4,1.9,0.2,4.1,10.6,0.384,0.371,1.6,2.6,0.617,1.3,3.9,5.2,3.7,1.4,0.3,1.8,2.9,10.9,
125,Taj Gibson,31,2TM,PF,78,71,25.5,4.7,9.1,0.515,0,0.2,0.231,4.6,8.9,0.52,0.517,1.4,2,0.715,2,4.2,6.2,0.9,0.5,0.8,1.3,2.1,10.8,
125,Taj Gibson,31,CHI,PF,55,55,27.3,5,9.6,0.521,0,0.2,0.167,5,9.4,0.529,0.523,1.5,2.2,0.714,2.2,4.8,6.9,1.1,0.5,0.9,1.4,2.2,11.6,
125,Taj Gibson,31,OKC,PF,23,16,21.2,3.9,7.8,0.497,0,0,1,3.8,7.7,0.494,0.5,1.2,1.7,0.718,1.7,2.8,4.5,0.6,0.6,0.7,1.2,1.7,9,
126,Terrence Jones,25,2TM,PF,54,12,23.5,4.3,9.1,0.47,0.4,1.4,0.253,3.9,7.7,0.508,0.489,1.9,3.1,0.606,1.2,4.5,5.7,1.1,0.7,1,0.9,1.2,10.8,
126,Terrence Jones,25,NOP,PF,51,12,24.8,4.5,9.6,0.472,0.4,1.5,0.253,4.2,8.1,0.512,0.492,2,3.3,0.606,1.3,4.7,5.9,1.2,0.8,1,0.9,1.3,11.5,
126,Terrence Jones,25,MIL,PF,3,0,2,0,1,0,0,0,,0,1,0,0,0,0,,0,1,1,0,0.3,0.3,0,0,0,
127,Marcin Gortat,32,WAS,C,82,82,31.2,4.8,8.2,0.579,0,0,0,4.8,8.2,0.58,0.579,1.3,1.9,0.648,2.9,7.5,10.4,1.5,0.5,0.7,1.5,2.6,10.8,
128,Courtney Lee,31,NYK,SG,77,74,31.9,4.2,9.1,0.456,1.4,3.5,0.401,2.8,5.6,0.49,0.533,1.1,1.3,0.867,0.7,2.7,3.4,2.3,1.1,0.3,0.9,1.8,10.8,
129,Allen Crabbe,24,POR,SG,79,7,28.5,3.8,8.2,0.468,1.7,3.8,0.444,2.1,4.4,0.49,0.572,1.3,1.6,0.847,0.2,2.6,2.9,1.2,0.7,0.3,0.8,2.2,10.7,
130,C.J. Miles,29,IND,SF,76,29,23.4,3.7,8.5,0.434,2.2,5.4,0.413,1.5,3.1,0.471,0.565,1.1,1.2,0.903,0.4,2.6,3,0.6,0.6,0.3,0.5,2,10.7,
131,Alex Poythress,23,PHI,PF,6,1,26.2,4.2,9,0.463,1,3.2,0.316,3.2,5.8,0.543,0.519,1.3,1.7,0.8,1.8,3,4.8,0.8,0.5,0.3,0.5,2.3,10.7,
Rk,Player,Age,Team,Pos,G,GS,MP,FG,FGA,FG%,3P,3PA,3P%,2P,2PA,2P%,eFG%,FT,FTA,FT%,ORB,DRB,TRB,AST,STL,BLK,TOV,PF,PTS,Awards
132,Buddy Hield,24,2TM,SG,82,55,23,4,9.4,0.426,1.8,4.6,0.391,2.2,4.7,0.461,0.523,0.8,0.9,0.842,0.4,2.9,3.3,1.5,0.5,0.1,1.2,1.4,10.6,ROY-4
132,Buddy Hield,24,NOP,SG,57,37,20.4,3.2,8.3,0.393,1.6,4.2,0.369,1.7,4,0.417,0.487,0.5,0.6,0.879,0.3,2.6,2.9,1.4,0.3,0.1,0.8,1.4,8.6,
132,Buddy Hield,24,SAC,SG,25,18,29.1,5.7,11.8,0.48,2.4,5.5,0.428,3.3,6.3,0.525,0.579,1.4,1.7,0.814,0.6,3.5,4.1,1.8,0.8,0.1,2.1,1.4,15.1,
133,Nikola Mirotić,25,CHI,PF,70,15,24,3.7,8.9,0.413,1.8,5.4,0.342,1.8,3.5,0.52,0.516,1.4,1.8,0.773,0.9,4.6,5.5,1.1,0.8,0.8,1.1,1.8,10.6,
134,Marcus Smart,22,BOS,SG,79,24,30.4,3.4,9.5,0.359,1.2,4.2,0.283,2.2,5.3,0.42,0.422,2.6,3.2,0.812,1,2.9,3.9,4.6,1.6,0.4,2,2.4,10.6,
135,Marco Belinelli,30,CHO,SG,74,0,24,3.6,8.3,0.429,1.4,3.8,0.36,2.2,4.5,0.488,0.512,2,2.3,0.893,0.2,2.2,2.4,2,0.6,0.1,0.9,1.2,10.5,
136,Wayne Ellington,29,MIA,SG,62,13,24.2,3.7,9,0.416,2.4,6.4,0.378,1.3,2.6,0.509,0.55,0.6,0.7,0.86,0.3,1.8,2.1,1.1,0.6,0.1,0.5,1.1,10.5,
137,Mason Plumlee,26,2TM,C,81,64,26.5,4.1,7.7,0.536,0,0.1,0,4.1,7.6,0.541,0.536,2.1,3.7,0.58,2.1,5.4,7.5,3.5,0.9,1.1,1.7,2.8,10.4,
137,Mason Plumlee,26,POR,C,54,54,28.1,4.4,8.2,0.532,0,0.1,0,4.4,8.1,0.538,0.532,2.4,4.1,0.567,2.2,5.8,8,4,0.9,1.2,1.6,2.8,11.1,
137,Mason Plumlee,26,DEN,C,27,10,23.4,3.7,6.7,0.547,0,0,0,3.7,6.7,0.55,0.547,1.7,2.8,0.618,1.9,4.6,6.4,2.6,0.7,1.1,1.7,2.9,9.1,
138,Robin Lopez,28,CHI,C,81,81,28,4.7,9.6,0.493,0,0,0,4.7,9.5,0.494,0.493,0.9,1.3,0.721,3,3.4,6.4,1,0.2,1.4,1.1,1.9,10.4,
139,Tyreke Evans,27,2TM,SF,40,6,19.7,3.8,9.3,0.405,1.1,3,0.356,2.7,6.3,0.429,0.462,1.7,2.3,0.75,0.3,3.1,3.4,3.1,0.9,0.2,1.5,1.5,10.3,
139,Tyreke Evans,27,NOP,SF,26,0,18.2,3.5,8.7,0.401,0.8,2.7,0.3,2.7,6,0.446,0.447,1.7,2.2,0.776,0.2,3.1,3.3,3.5,0.9,0.2,1.5,1.6,9.5,
139,Tyreke Evans,27,SAC,SF,14,6,22.4,4.2,10.2,0.413,1.5,3.4,0.438,2.7,6.8,0.4,0.486,1.7,2.4,0.706,0.5,3.1,3.6,2.4,0.9,0.4,1.6,1.4,11.6,
140,Cody Zeller,24,CHO,C,62,58,27.8,4.1,7.1,0.571,0,0,0,4.1,7.1,0.572,0.571,2.1,3.2,0.679,2.2,4.4,6.5,1.6,1,0.9,1,3,10.3,
141,Jusuf Nurkić,22,2TM,C,65,48,21.4,4.2,8.2,0.507,0,0,0,4.2,8.2,0.508,0.507,1.8,3.2,0.571,2.4,4.8,7.2,1.9,0.8,1.1,2.2,2.5,10.2,
141,Jusuf Nurkić,22,DEN,C,45,29,17.9,3.4,6.6,0.507,0,0,,3.4,6.6,0.507,0.507,1.2,2.5,0.496,2,3.8,5.8,1.3,0.6,0.8,1.8,2,8,
141,Jusuf Nurkić,22,POR,C,20,19,29.2,6,11.8,0.508,0,0.1,0,6,11.8,0.511,0.508,3.2,4.9,0.66,3.3,7.1,10.4,3.2,1.3,1.9,3.1,3.7,15.2,
142,Malcolm Brogdon,24,MIL,SG,75,28,26.4,3.9,8.5,0.457,1,2.6,0.404,2.8,5.9,0.48,0.518,1.5,1.7,0.865,0.6,2.2,2.8,4.2,1.1,0.2,1.5,1.9,10.2,"ROY-1,6MOY-11"
143,Draymond Green,26,GSW,PF,76,76,32.5,3.6,8.6,0.418,1.1,3.5,0.308,2.5,5.1,0.494,0.481,2,2.8,0.709,1.3,6.6,7.9,7,2,1.4,2.4,2.9,10.2,"DPOY-1,AS,NBA3,DEF1"
144,Jon Leuer,27,DET,PF,75,34,25.9,4.1,8.6,0.48,0.7,2.2,0.293,3.5,6.4,0.545,0.518,1.3,1.5,0.867,1.4,4,5.4,1.5,0.4,0.3,0.9,1.9,10.2,
145,Josh Richardson,23,MIA,SG,53,34,30.5,3.8,9.7,0.394,1.4,4.3,0.33,2.4,5.4,0.444,0.467,1.1,1.5,0.779,0.7,2.5,3.2,2.6,1.1,0.7,1.2,2.5,10.2,
146,Kyle Korver,35,2TM,SG,67,22,26.2,3.6,7.7,0.464,2.4,5.4,0.451,1.1,2.3,0.494,0.621,0.6,0.6,0.905,0.1,2.7,2.8,1.6,0.5,0.3,1,1.6,10.1,
146,Kyle Korver,35,ATL,SG,32,21,27.9,3.4,7.7,0.439,2,5,0.409,1.3,2.7,0.494,0.571,0.8,0.8,0.889,0,2.8,2.8,2.3,0.7,0.4,1.3,1.5,9.5,
146,Kyle Korver,35,CLE,SG,35,1,24.5,3.7,7.7,0.487,2.8,5.7,0.485,1,2,0.493,0.667,0.4,0.4,0.933,0.2,2.6,2.8,1,0.3,0.2,0.8,1.7,10.7,
Rk,Player,Age,Team,Pos,G,GS,MP,FG,FGA,FG%,3P,3PA,3P%,2P,2PA,2P%,eFG%,FT,FTA,FT%,ORB,DRB,TRB,AST,STL,BLK,TOV,PF,PTS,Awards
147,Tony Parker,34,SAS,PG,63,63,25.2,4.2,9,0.466,0.4,1.1,0.333,3.8,7.9,0.484,0.486,1.3,1.9,0.726,0.1,1.7,1.8,4.5,0.5,0,1.4,1.5,10.1,
148,Yogi Ferrell,23,2TM,PG,46,29,26,3.5,8.6,0.406,1.5,3.8,0.386,2,4.7,0.422,0.492,1.6,1.9,0.831,0.4,2,2.4,3.7,0.9,0.2,1.5,2,10,ROY-8
148,Yogi Ferrell,23,BRK,PG,10,0,15.1,1.8,4.9,0.367,0.8,2.7,0.296,1,2.2,0.455,0.449,1,1.6,0.625,0.4,0.8,1.2,1.7,0.2,0.2,1.4,1.1,5.4,
148,Yogi Ferrell,23,DAL,PG,36,29,29.1,3.9,9.6,0.412,1.7,4.1,0.403,2.3,5.4,0.418,0.499,1.8,2,0.877,0.4,2.3,2.8,4.3,1.1,0.2,1.6,2.2,11.3,
149,Trevor Booker,29,BRK,PF,71,43,24.7,4.3,8.3,0.516,0.4,1.1,0.321,3.9,7.2,0.546,0.537,1,1.5,0.673,2,6,8,1.9,1.1,0.4,1.8,2.1,10,
150,Gorgui Dieng,27,MIN,PF,82,82,32.4,4,8.1,0.502,0.2,0.5,0.372,3.9,7.5,0.511,0.514,1.7,2,0.814,2.3,5.6,7.9,1.9,1.1,1.2,1.3,3.1,10,
151,Maurice Harkless,23,POR,SF,77,69,28.9,4.1,8.1,0.503,0.9,2.5,0.351,3.2,5.6,0.572,0.558,1,1.6,0.621,1.6,2.8,4.4,1.1,1.1,0.9,1.1,2.8,10,
152,Ty Lawson,29,SAC,PG,69,24,25.1,3.4,7.6,0.454,0.5,1.7,0.288,2.9,5.9,0.502,0.487,2.5,3.1,0.797,0.6,2,2.6,4.8,1.1,0.1,1.9,1.7,9.9,
153,Shabazz Muhammad,24,MIN,SF,78,1,19.4,3.7,7.7,0.482,0.6,1.9,0.338,3.1,5.8,0.528,0.523,1.9,2.4,0.774,1.1,1.7,2.8,0.4,0.3,0.1,0.7,1.1,9.9,
154,Jamal Murray,19,DEN,SG,82,10,21.5,3.6,8.9,0.404,1.4,4.2,0.334,2.2,4.7,0.466,0.483,1.3,1.5,0.883,0.5,2.1,2.6,2.1,0.6,0.3,1.4,1.5,9.9,ROY-5
155,Richaun Holmes,23,PHI,C,57,17,20.9,4,7.2,0.558,0.5,1.4,0.351,3.6,5.9,0.606,0.591,1.3,1.8,0.699,1.6,3.8,5.5,1,0.7,1,1,2.4,9.8,
156,Jeremy Lamb,24,CHO,SG,62,5,18.4,3.6,7.9,0.46,0.7,2.4,0.281,3,5.6,0.536,0.502,1.8,2.1,0.853,0.5,3.8,4.3,1.2,0.4,0.4,0.6,1.6,9.7,
157,Kenneth Faried,27,DEN,PF,61,34,21.2,3.7,6.8,0.548,0,0.1,0,3.7,6.7,0.556,0.548,2.1,3.1,0.693,3,4.6,7.6,0.9,0.7,0.7,1,2,9.6,
158,E'Twaun Moore,27,NOP,SG,73,22,24.9,3.9,8.5,0.457,1.1,2.8,0.37,2.8,5.6,0.501,0.519,0.8,1,0.77,0.5,1.6,2.1,2.2,0.7,0.4,0.8,1.8,9.6,
159,Patrick Beverley,28,HOU,SG,67,67,30.7,3.4,8.1,0.42,1.6,4.3,0.382,1.8,3.8,0.463,0.521,1.1,1.4,0.768,1.4,4.4,5.9,4.2,1.5,0.4,1.5,3.3,9.5,"DPOY-8,DEF1"
160,Derrick Favors,25,UTA,PF,50,39,23.7,4.1,8.3,0.487,0.1,0.2,0.3,4,8.1,0.491,0.49,1.3,2.2,0.615,1.8,4.3,6.1,1.1,0.9,0.8,1.2,2.1,9.5,
161,Patty Mills,28,SAS,PG,80,8,21.9,3.4,7.8,0.44,1.8,4.4,0.414,1.6,3.3,0.474,0.558,0.8,1,0.825,0.3,1.5,1.8,3.5,0.8,0,1.3,1.4,9.5,6MOY-8
162,Nik Stauskas,23,PHI,SG,80,27,27.4,3.1,7.9,0.396,1.7,4.5,0.368,1.5,3.4,0.433,0.5,1.5,1.9,0.813,0.3,2.6,2.8,2.4,0.6,0.4,1.6,1.8,9.5,
163,Michael Beasley,28,MIL,PF,56,6,16.7,3.9,7.3,0.532,0.3,0.8,0.419,3.5,6.5,0.545,0.554,1.4,1.9,0.743,0.7,2.7,3.4,0.9,0.5,0.5,1.2,1.6,9.4,
164,Brandon Ingram,19,LAL,SF,79,40,28.8,3.5,8.7,0.402,0.7,2.4,0.294,2.8,6.3,0.443,0.442,1.7,2.7,0.621,0.8,3.2,4,2.1,0.6,0.5,1.5,2,9.4,
165,Ish Smith,28,DET,PG,81,32,24.1,4.1,9.2,0.439,0.3,1.3,0.267,3.7,8,0.467,0.458,0.9,1.3,0.706,0.3,2.6,2.9,5.2,0.8,0.4,1.4,1.6,9.4,
166,Cory Joseph,25,TOR,PG,80,22,25,3.7,8.3,0.452,0.6,1.7,0.356,3.1,6.6,0.477,0.489,1.2,1.5,0.77,0.6,2.3,2.9,3.3,0.8,0.2,1.4,1.8,9.3,
167,Marquese Chriss,19,PHO,PF,82,75,21.3,3.5,7.7,0.449,0.9,2.7,0.321,2.6,5,0.52,0.506,1.4,2.2,0.624,1.2,3.1,4.2,0.7,0.8,0.9,1.3,3.2,9.2,ROY-7
168,Jeff Green,30,ORL,PF,69,11,22.2,3.2,8.1,0.394,0.8,2.8,0.275,2.4,5.3,0.458,0.442,2.1,2.4,0.863,0.6,2.5,3.1,1.2,0.5,0.2,1.1,1.5,9.2,
169,Gerald Henderson,29,PHI,SG,72,41,23.2,3.3,7.7,0.423,0.8,2.4,0.353,2.4,5.3,0.455,0.478,1.8,2.3,0.806,0.5,2.1,2.6,1.6,0.6,0.2,0.9,1.8,9.2,
Rk,Player,Age,Team,Pos,G,GS,MP,FG,FGA,FG%,3P,3PA,3P%,2P,2PA,2P%,eFG%,FT,FTA,FT%,ORB,DRB,TRB,AST,STL,BLK,TOV,PF,PTS,Awards
170,Joe Johnson,35,UTA,SF,78,14,23.6,3.5,8,0.436,1.4,3.3,0.411,2.1,4.7,0.454,0.521,0.8,1,0.818,0.4,2.7,3.1,1.8,0.5,0.2,0.9,1.2,9.2,
171,Michael Kidd-Gilchrist,23,CHO,SF,81,81,29,3.6,7.6,0.477,0,0.1,0.111,3.6,7.5,0.483,0.478,1.9,2.4,0.784,1.9,5,7,1.4,1,1,0.7,2.3,9.2,
172,Jameer Nelson,34,DEN,PG,75,39,27.3,3.6,8.1,0.444,1.4,3.6,0.388,2.2,4.4,0.489,0.531,0.6,0.8,0.714,0.4,2.2,2.6,5.1,0.7,0.1,1.7,2.6,9.2,
173,Tony Allen,35,MEM,SG,71,66,27,3.9,8.4,0.461,0.2,0.8,0.278,3.6,7.6,0.479,0.473,1.1,1.8,0.615,2.3,3.2,5.5,1.4,1.6,0.4,1.4,2.5,9.1,DEF2
174,Channing Frye,33,CLE,C,74,15,18.9,3.2,7,0.458,1.9,4.5,0.409,1.4,2.5,0.546,0.589,0.9,1,0.851,0.5,3.4,3.9,0.6,0.4,0.5,0.7,1.9,9.1,
175,Montrezl Harrell,23,HOU,C,58,14,18.3,3.9,5.9,0.652,0,0.1,0.143,3.9,5.8,0.663,0.654,1.3,2.1,0.628,1.4,2.4,3.8,1.1,0.3,0.7,0.8,2.2,9.1,
176,Nenê,34,HOU,C,67,8,17.9,3.7,5.9,0.617,0,0.1,0.333,3.6,5.8,0.624,0.621,1.7,2.9,0.589,1.4,2.8,4.2,1,0.8,0.6,1.1,2.4,9.1,
177,Jodie Meeks,29,ORL,SG,36,10,20.5,2.9,7.1,0.402,1.6,3.8,0.409,1.3,3.3,0.395,0.512,1.8,2.1,0.878,0.1,2,2.1,1.3,0.9,0.1,1,1.1,9.1,
178,Doug McDermott,25,2TM,SF,66,5,22.8,3.4,7.5,0.447,1.2,3.2,0.37,2.2,4.4,0.502,0.524,1.1,1.3,0.845,0.3,2.4,2.7,0.9,0.2,0.1,0.6,1.2,9,
178,Doug McDermott,25,CHI,SF,44,4,24.5,3.8,8.5,0.445,1.3,3.4,0.373,2.5,5.1,0.493,0.52,1.3,1.5,0.881,0.3,2.6,3,1,0.3,0.1,0.7,1.3,10.2,
178,Doug McDermott,25,OKC,SF,22,1,19.5,2.5,5.6,0.452,1,2.6,0.362,1.6,3,0.53,0.536,0.5,0.8,0.706,0.3,2,2.2,0.6,0.1,0,0.3,1,6.6,
179,Dahntay Jones,36,CLE,SF,1,0,12,3,8,0.375,0,2,0,3,6,0.5,0.375,3,4,0.75,1,1,2,1,0,0,1,1,9,
180,Kelly Olynyk,25,BOS,C,75,6,20.5,3.5,6.8,0.512,0.9,2.6,0.354,2.6,4.2,0.608,0.579,1.2,1.6,0.732,1,3.8,4.8,2,0.6,0.4,1.3,2.8,9,
181,Evan Turner,28,POR,SF,65,12,25.5,3.6,8.5,0.426,0.5,1.8,0.263,3.1,6.7,0.47,0.454,1.3,1.6,0.825,0.6,3.2,3.8,3.2,0.8,0.4,1.5,1.9,9,
182,DeMarre Carroll,30,TOR,SF,72,72,26.1,3.1,7.6,0.4,1.5,4.4,0.341,1.5,3.2,0.483,0.499,1.2,1.6,0.761,0.9,2.9,3.8,1,1.1,0.4,0.8,2,8.9,
183,JaMychal Green,26,MEM,PF,77,75,27.3,3.2,6.5,0.5,0.7,1.9,0.379,2.5,4.6,0.549,0.555,1.7,2.2,0.802,2.2,4.9,7.1,1.1,0.6,0.4,1.2,3.2,8.9,
184,Skal Labissière,20,SAC,PF,33,12,18.5,3.5,6.6,0.537,0.1,0.2,0.375,3.5,6.4,0.543,0.544,1.6,2.2,0.703,1.5,3.4,4.9,0.8,0.5,0.4,1.1,1.9,8.8,
185,Nerlens Noel,22,2TM,C,51,19,20.5,3.6,6.1,0.595,0,0,0,3.6,6,0.597,0.595,1.5,2.2,0.694,1.8,3.9,5.8,1,1.3,1,1,2.5,8.7,
185,Nerlens Noel,22,PHI,C,29,7,19.4,3.7,6,0.611,0,0,0,3.7,6,0.615,0.611,1.5,2.2,0.683,1.6,3.4,5,1,1.5,0.9,1,2.4,8.9,
185,Nerlens Noel,22,DAL,C,22,12,22,3.5,6.1,0.575,0,0,,3.5,6.1,0.575,0.575,1.5,2.2,0.708,2.1,4.7,6.8,0.9,1,1.1,1,2.5,8.5,
186,Al-Farouq Aminu,26,POR,PF,61,25,29.1,3,7.6,0.393,1.1,3.5,0.33,1.9,4.2,0.445,0.468,1.6,2.2,0.706,1.3,6.1,7.4,1.6,1,0.7,1.5,1.7,8.7,
187,Rondae Hollis-Jefferson,22,BRK,SF,78,50,22.6,3,6.9,0.434,0.2,0.9,0.224,2.8,6.1,0.463,0.447,2.4,3.2,0.751,1.2,4.6,5.8,2,1.1,0.6,1.5,2.3,8.7,
188,Marreese Speights,29,LAC,C,82,2,15.7,3,6.7,0.445,1.3,3.4,0.372,1.7,3.3,0.52,0.539,1.5,1.7,0.876,1.1,3.5,4.5,0.8,0.3,0.5,0.8,2.8,8.7,
189,J.R. Smith,31,CLE,SG,41,35,29,3,8.7,0.346,2.3,6.6,0.351,0.7,2.1,0.329,0.479,0.2,0.4,0.667,0.4,2.3,2.8,1.5,1,0.3,0.6,1.9,8.6,
190,Monta Ellis,31,IND,SG,74,33,27,3.3,7.5,0.443,0.6,1.8,0.319,2.8,5.7,0.483,0.482,1.3,1.7,0.727,0.3,2.5,2.8,3.2,1.1,0.4,1.8,2,8.5,
Rk,Player,Age,Team,Pos,G,GS,MP,FG,FGA,FG%,3P,3PA,3P%,2P,2PA,2P%,eFG%,FT,FTA,FT%,ORB,DRB,TRB,AST,STL,BLK,TOV,PF,PTS,Awards
191,Tony Snell,25,MIL,SG,80,80,29.2,3.1,6.8,0.455,1.8,4.4,0.406,1.3,2.3,0.548,0.588,0.6,0.7,0.81,0.3,2.8,3.1,1.2,0.7,0.2,0.7,1.6,8.5,
192,Arron Afflalo,31,SAC,SG,61,45,25.9,3,6.9,0.44,1,2.5,0.411,2,4.4,0.457,0.514,1.4,1.5,0.892,0.1,1.9,2,1.3,0.3,0.1,0.7,1.7,8.4,
193,Tyson Chandler,34,PHO,C,47,46,27.6,3.3,4.9,0.671,0,0,,3.3,4.9,0.671,0.671,1.9,2.6,0.734,3.3,8.2,11.5,0.6,0.7,0.5,1.4,2.7,8.4,
194,Norman Powell,23,TOR,SG,76,18,18,3,6.7,0.449,0.7,2.3,0.324,2.3,4.4,0.514,0.504,1.7,2.1,0.792,0.3,1.9,2.2,1.1,0.7,0.2,0.9,1.7,8.4,
195,Troy Daniels,25,MEM,SG,67,3,17.7,2.8,7.4,0.374,2.1,5.3,0.389,0.7,2.1,0.336,0.513,0.6,0.8,0.796,0.3,1.2,1.5,0.7,0.3,0.1,0.7,1.3,8.2,
196,Joe Harris,25,BRK,SG,52,11,21.9,3,7,0.425,1.6,4.3,0.385,1.3,2.7,0.489,0.543,0.7,0.9,0.714,0.3,2.5,2.8,1,0.6,0.2,1.1,2.3,8.2,
197,Willy Hernangómez,22,NYK,C,72,22,18.4,3.4,6.5,0.529,0.1,0.2,0.267,3.4,6.3,0.538,0.533,1.3,1.7,0.728,2.4,4.6,7,1.3,0.6,0.5,1.4,2.1,8.2,ROY-5
198,Caris LeVert,22,BRK,SF,57,26,21.7,3,6.7,0.45,1,3.2,0.321,2,3.4,0.571,0.528,1.2,1.6,0.72,0.4,2.9,3.3,1.9,0.9,0.1,1,1.6,8.2,
199,Shawn Long,24,PHI,C,18,0,13,3.4,6.1,0.56,0.4,1.1,0.368,3,5,0.6,0.592,1.1,1.9,0.543,2.3,2.4,4.7,0.7,0.5,0.5,0.7,2.7,8.2,
200,Willie Cauley-Stein,23,SAC,C,75,21,18.9,3.4,6.4,0.53,0,0,0,3.4,6.4,0.532,0.53,1.3,2,0.669,1.1,3.4,4.5,1.1,0.7,0.6,0.9,2,8.1,
201,Al Jefferson,32,IND,C,66,1,14.1,3.6,7.1,0.499,0,0,0,3.6,7.1,0.5,0.499,1,1.3,0.765,1.1,3.1,4.2,0.9,0.3,0.2,0.5,1.9,8.1,
202,Ben McLemore,23,SAC,SG,61,27,19.3,3,6.9,0.43,1.1,2.8,0.382,1.9,4.1,0.462,0.507,1.1,1.5,0.753,0.3,1.8,2.1,0.8,0.5,0.1,1,1.8,8.1,
203,Tristan Thompson,25,CLE,C,78,78,29.9,3.4,5.6,0.6,0,0,0,3.4,5.6,0.604,0.6,1.4,2.7,0.498,3.7,5.5,9.2,1,0.5,1.1,0.8,2.3,8.1,
204,Vince Carter,40,MEM,SF,73,15,24.6,2.6,6.7,0.394,1.5,4.1,0.378,1.1,2.7,0.418,0.508,1.2,1.6,0.765,0.5,2.6,3.1,1.8,0.8,0.5,0.7,2.2,8,6MOY-11
205,Alex Len,23,PHO,C,77,34,20.3,3,6,0.497,0,0.2,0.25,2.9,5.9,0.503,0.5,1.9,2.7,0.721,2,4.6,6.6,0.6,0.5,1.3,1.3,3.1,8,
206,Langston Galloway,25,2TM,PG,74,2,20.2,2.8,7.4,0.38,1.6,4.2,0.39,1.2,3.2,0.367,0.49,0.7,0.9,0.797,0.4,1.7,2.1,1.3,0.6,0.1,0.6,1.3,7.9,
206,Langston Galloway,25,NOP,PG,55,0,20.4,3,8,0.374,1.8,4.9,0.377,1.2,3.1,0.37,0.489,0.7,0.9,0.769,0.4,1.8,2.2,1.2,0.7,0.1,0.5,1.4,8.6,
206,Langston Galloway,25,SAC,PG,19,2,19.7,2.2,5.5,0.404,1,2.1,0.475,1.2,3.4,0.359,0.495,0.6,0.6,0.917,0.4,1.5,1.8,1.5,0.3,0.1,0.9,1.1,6,
207,D.J. Augustin,29,ORL,PG,78,20,19.7,2.5,6.6,0.377,1.2,3.5,0.347,1.3,3.1,0.412,0.469,1.7,2.1,0.814,0.2,1.3,1.5,2.7,0.4,0,1.2,1.3,7.9,
208,Shelvin Mack,26,UTA,PG,55,9,21.9,3.1,6.9,0.446,0.7,2.2,0.308,2.4,4.7,0.51,0.495,1,1.4,0.688,0.4,1.9,2.3,2.8,0.8,0.1,1.6,1.8,7.8,
209,Sergio Rodríguez,30,PHI,PG,68,30,22.3,3.1,7.9,0.392,1.4,3.7,0.365,1.7,4.2,0.415,0.478,0.3,0.4,0.667,0.3,2,2.3,5.1,0.7,0.1,1.9,1.4,7.8,
210,Rajon Rondo,30,CHI,PG,69,42,26.7,3.3,8.1,0.408,0.7,1.9,0.376,2.6,6.2,0.418,0.453,0.4,0.7,0.6,1.1,4.1,5.1,6.7,1.4,0.2,2.4,2.1,7.8,
211,Garrett Temple,30,SAC,SG,65,20,26.6,2.8,6.6,0.424,1.3,3.4,0.373,1.6,3.3,0.476,0.519,0.9,1.1,0.784,0.5,2.3,2.8,2.6,1.3,0.4,1.2,2.2,7.8,
212,Justin Holiday,27,NYK,SG,82,4,20,2.8,6.6,0.433,1.2,3.3,0.355,1.7,3.2,0.513,0.523,0.8,1,0.825,0.3,2.4,2.7,1.2,0.8,0.4,0.8,1.3,7.7,
213,Matthew Dellavedova,26,MIL,PG,76,54,26.1,2.7,7,0.39,1,2.8,0.367,1.7,4.2,0.404,0.463,1.1,1.3,0.854,0.3,1.6,1.9,4.7,0.7,0,1.8,2,7.6,
Rk,Player,Age,Team,Pos,G,GS,MP,FG,FGA,FG%,3P,3PA,3P%,2P,2PA,2P%,eFG%,FT,FTA,FT%,ORB,DRB,TRB,AST,STL,BLK,TOV,PF,PTS,Awards
214,Luol Deng,31,LAL,SF,56,49,26.5,2.9,7.6,0.387,0.9,2.9,0.309,2,4.6,0.436,0.447,0.8,1.1,0.73,1.1,4.1,5.3,1.3,0.9,0.4,0.8,1.1,7.6,
215,Andre Iguodala,33,GSW,SF,76,0,26.3,2.9,5.5,0.528,0.8,2.3,0.362,2,3.1,0.651,0.605,0.9,1.3,0.706,0.7,3.3,4,3.4,1,0.5,0.8,1.3,7.6,6MOY-2
216,Manu Ginóbili,39,SAS,SG,69,0,18.7,2.5,6.4,0.39,1.3,3.3,0.392,1.2,3.1,0.387,0.491,1.2,1.6,0.804,0.4,1.9,2.3,2.7,1.2,0.2,1.4,1.7,7.5,
217,Iman Shumpert,26,CLE,SG,76,31,25.5,2.6,6.4,0.411,1.2,3.4,0.36,1.4,3,0.469,0.507,0.9,1.2,0.789,0.5,2.4,2.9,1.4,0.8,0.4,1,2,7.5,
218,Ivica Zubac,19,LAL,C,38,11,16,3.3,6.3,0.529,0,0.1,0,3.3,6.2,0.536,0.529,0.8,1.3,0.653,1.1,3.1,4.2,0.8,0.4,0.9,0.8,1.7,7.5,
219,Timofey Mozgov,30,LAL,C,54,52,20.4,3.1,6.1,0.515,0,0,0,3.1,6.1,0.517,0.515,1.2,1.4,0.808,1.9,3,4.9,0.8,0.3,0.6,1.3,2.5,7.4,
220,Isaiah Whitehead,21,BRK,PG,73,26,22.5,2.8,7,0.402,0.6,2,0.295,2.2,4.9,0.446,0.445,1.2,1.5,0.805,0.4,2.1,2.5,2.6,0.6,0.5,1.9,2.4,7.4,
221,Alan Williams,24,PHO,C,47,0,15.1,2.9,5.7,0.517,0,0,0,2.9,5.7,0.519,0.517,1.5,2.4,0.625,2,4.2,6.2,0.5,0.6,0.7,0.8,2.7,7.4,
222,Archie Goodwin,22,2TM,SG,15,0,14.3,2.4,4.4,0.545,0.3,1,0.333,2.1,3.4,0.608,0.583,2.2,2.8,0.786,0.5,1.4,1.9,1.6,0.3,0.3,0.9,0.5,7.3,
222,Archie Goodwin,22,NOP,SG,3,0,10,0.7,1.7,0.4,0.3,0.7,0.5,0.3,1,0.333,0.5,3.3,3.3,1,0,0,0,0.3,0,0.3,0,0.3,5,
222,Archie Goodwin,22,BRK,SG,12,0,15.3,2.8,5.1,0.557,0.3,1.1,0.308,2.5,4,0.625,0.59,1.9,2.7,0.719,0.6,1.8,2.3,1.9,0.3,0.3,1.2,0.6,7.9,
223,Spencer Dinwiddie,23,BRK,PG,59,18,22.6,2.3,5.1,0.444,0.6,1.7,0.376,1.6,3.4,0.478,0.507,2.1,2.7,0.792,0.5,2.3,2.8,3.1,0.7,0.4,1.1,2,7.3,
224,Danny Green,29,SAS,SG,68,68,26.6,2.6,6.6,0.392,1.7,4.6,0.379,0.9,2,0.42,0.523,0.4,0.5,0.844,0.5,2.8,3.3,1.8,1,0.8,1.1,1.8,7.3,DEF2
225,David Lee,33,SAS,PF,79,10,18.7,3.1,5.3,0.59,0,0,,3.1,5.3,0.59,0.59,1,1.4,0.708,1.9,3.7,5.6,1.6,0.4,0.5,1,1.6,7.3,
226,Tyler Ulis,21,PHO,PG,61,15,18.4,3,7.2,0.421,0.3,1.3,0.266,2.7,5.9,0.455,0.445,0.9,1.2,0.775,0.3,1.2,1.6,3.7,0.8,0.1,1.3,1.2,7.3,
227,Thabo Sefolosha,32,ATL,SF,62,42,25.7,2.8,6.4,0.441,0.7,1.9,0.342,2.1,4.4,0.484,0.492,0.9,1.2,0.733,0.9,3.5,4.4,1.7,1.5,0.5,0.9,1.6,7.2,
228,Rodney Stuckey,30,IND,PG,39,0,17.8,2.3,6.3,0.373,0.5,1.5,0.317,1.8,4.7,0.391,0.412,2.1,2.7,0.748,0.2,2,2.2,2.2,0.4,0,1.4,1.1,7.2,
229,Brandon Jennings,27,2TM,PG,81,13,22.2,2.4,6.6,0.359,1,3.1,0.313,1.4,3.5,0.399,0.433,1.4,1.9,0.75,0.4,2.1,2.4,4.9,0.9,0,1.6,1.4,7.1,
229,Brandon Jennings,27,NYK,PG,58,11,24.6,2.8,7.4,0.38,1.2,3.4,0.34,1.6,3.9,0.415,0.459,1.8,2.3,0.756,0.4,2.3,2.6,4.9,0.9,0.1,1.8,1.4,8.6,
229,Brandon Jennings,27,WAS,PG,23,2,16.3,1.3,4.6,0.274,0.5,2.3,0.212,0.8,2.3,0.333,0.325,0.5,0.7,0.706,0.3,1.6,1.9,4.7,0.7,0,1,1.4,3.5,
230,Justin Anderson,23,2TM,SF,75,10,16.4,2.5,5.9,0.424,0.8,2.6,0.299,1.7,3.3,0.522,0.49,1.4,1.7,0.791,0.9,2.3,3.3,0.9,0.5,0.3,0.9,1.5,7.1,
230,Justin Anderson,23,DAL,SF,51,2,13.9,2.2,5.4,0.401,0.7,2.4,0.303,1.5,3,0.477,0.468,1.4,1.7,0.795,0.8,2.2,2.9,0.6,0.5,0.3,0.8,1.3,6.5,
230,Justin Anderson,23,PHI,SF,24,8,21.6,3.1,6.8,0.463,0.9,3,0.292,2.3,3.8,0.6,0.528,1.3,1.7,0.78,1.3,2.8,4,1.4,0.5,0.3,1.1,1.9,8.5,
231,Matt Barnes,36,2TM,SF,74,18,24,2.5,6.4,0.391,1.2,3.6,0.331,1.3,2.8,0.467,0.483,0.9,1.2,0.787,0.9,4.2,5.2,2.6,0.6,0.4,1.4,2.5,7.1,
231,Matt Barnes,36,SAC,SF,54,13,25.3,2.7,7.1,0.384,1.3,3.9,0.327,1.4,3.2,0.453,0.474,0.9,1.2,0.758,1,4.4,5.4,2.8,0.7,0.3,1.5,2.6,7.6,
Rk,Player,Age,Team,Pos,G,GS,MP,FG,FGA,FG%,3P,3PA,3P%,2P,2PA,2P%,eFG%,FT,FTA,FT%,ORB,DRB,TRB,AST,STL,BLK,TOV,PF,PTS,Awards
231,Matt Barnes,36,GSW,SF,20,5,20.5,1.9,4.5,0.422,0.9,2.6,0.346,1,1.9,0.526,0.522,1,1.2,0.87,0.8,3.8,4.6,2.3,0.6,0.5,1.2,2.4,5.7,
232,Tim Frazier,26,NOP,PG,65,35,23.5,2.5,6.2,0.403,0.6,2,0.313,1.9,4.2,0.446,0.453,1.5,2,0.76,0.5,2.1,2.7,5.2,0.9,0.1,1.6,2,7.1,
233,Joe Ingles,29,UTA,SF,82,26,24,2.5,5.5,0.452,1.5,3.4,0.441,1,2.1,0.471,0.589,0.6,0.8,0.735,0.3,2.9,3.2,2.7,1.2,0.1,1.3,2,7.1,
234,Larry Nance Jr.,24,LAL,PF,63,7,22.9,3,5.7,0.526,0.2,0.6,0.278,2.9,5.2,0.554,0.54,0.9,1.3,0.738,1.9,4,5.9,1.5,1.3,0.6,0.9,2.4,7.1,
235,Anthony Tolliver,31,SAC,PF,65,9,22.7,2.4,5.4,0.442,1.4,3.5,0.391,1,1.9,0.537,0.57,0.9,1.3,0.744,0.8,2.9,3.6,1.2,0.5,0.3,0.9,1.7,7.1,
236,Solomon Hill,25,NOP,SF,80,71,29.7,2.3,6,0.383,1.2,3.4,0.348,1.1,2.6,0.428,0.481,1.3,1.6,0.805,0.6,3.2,3.8,1.8,0.9,0.4,1,2.3,7,
237,Josh Huestis,25,OKC,PF,2,0,15.5,3,5.5,0.545,1,2,0.5,2,3.5,0.571,0.636,0,0.5,0,2,2.5,4.5,1.5,0,1.5,0,0,7,
238,Justin Hamilton,26,BRK,C,64,7,18.4,2.7,5.9,0.459,0.9,2.8,0.306,1.9,3.1,0.598,0.532,0.6,0.8,0.75,1.1,3,4.1,0.9,0.5,0.7,0.7,1.4,6.9,
239,T.J. McConnell,24,PHI,PG,81,51,26.3,2.9,6.3,0.461,0.1,0.7,0.2,2.8,5.6,0.492,0.472,0.9,1.1,0.811,0.5,2.6,3.1,6.6,1.7,0.1,2,1.7,6.9,
240,Lance Stephenson,26,3TM,SG,18,0,20.1,3,6.7,0.45,0.3,1.1,0.3,2.7,5.6,0.48,0.475,0.4,0.7,0.615,0.2,2.7,2.9,3.3,0.3,0.2,1.4,1.8,6.8,
240,Lance Stephenson,26,NOP,SG,6,0,27,4.3,9.2,0.473,0.2,1.7,0.1,4.2,7.5,0.556,0.482,0.8,1.3,0.625,0.5,2.5,3,4.8,0.3,0.2,1.8,3,9.7,
240,Lance Stephenson,26,MIN,SG,6,0,11.2,1.7,3.5,0.476,0,0.3,0,1.7,3.2,0.526,0.476,0.2,0.3,0.5,0,1.7,1.7,0.8,0,0,0.7,0.3,3.5,
240,Lance Stephenson,26,IND,SG,6,0,22,3,7.3,0.409,0.8,1.3,0.625,2.2,6,0.361,0.466,0.3,0.5,0.667,0.2,3.8,4,4.2,0.5,0.3,1.8,2,7.2,
241,Ian Clark,25,GSW,SG,77,0,14.8,2.7,5.6,0.487,0.8,2.1,0.374,1.9,3.5,0.556,0.558,0.6,0.8,0.759,0.3,1.3,1.6,1.2,0.5,0.1,0.7,1,6.8,
242,Jared Dudley,31,PHO,PF,64,7,21.3,2.5,5.4,0.454,1.2,3.2,0.379,1.3,2.2,0.559,0.565,0.7,1,0.662,0.5,3,3.5,1.9,0.7,0.3,1.1,2.4,6.8,
243,John Henson,26,MIL,C,58,39,19.4,2.7,5.3,0.515,0,0,0,2.7,5.3,0.516,0.515,1.3,1.8,0.692,1.6,3.5,5.1,1,0.5,1.3,0.9,2.6,6.8,
244,Patrick Patterson,27,TOR,PF,65,8,24.6,2.4,5.9,0.401,1.4,3.9,0.372,0.9,2,0.458,0.523,0.7,0.9,0.717,1,3.6,4.5,1.2,0.6,0.4,0.6,1.8,6.8,
245,Bobby Portis,21,CHI,PF,64,13,15.6,2.9,5.9,0.488,0.5,1.5,0.333,2.4,4.4,0.541,0.531,0.6,0.9,0.661,1.2,3.5,4.6,0.5,0.3,0.2,0.6,1.5,6.8,
246,Brandan Wright,29,MEM,PF,28,5,16,3,4.8,0.615,0,0,0,3,4.8,0.619,0.615,0.8,1.3,0.657,1.1,1.7,2.8,0.5,0.4,0.7,0.4,1.5,6.8,
247,P.J. Tucker,31,2TM,SF,81,21,27.6,2.5,6,0.413,0.9,2.4,0.357,1.6,3.5,0.451,0.485,0.9,1.1,0.774,1.4,4.4,5.8,1.2,1.4,0.2,0.8,2.4,6.7,
247,P.J. Tucker,31,PHO,SF,57,17,28.5,2.6,6.2,0.415,0.8,2.4,0.338,1.8,3.8,0.463,0.48,1.1,1.4,0.792,1.6,4.4,6,1.3,1.5,0.2,0.9,2.5,7,
247,P.J. Tucker,31,TOR,SF,24,4,25.4,2.2,5.3,0.406,1,2.5,0.4,1.2,2.8,0.412,0.5,0.5,0.7,0.688,1,4.4,5.4,1.1,1.3,0.2,0.6,2.2,5.8,
248,Alec Burks,25,UTA,SG,42,0,15.5,2.4,5.9,0.399,0.6,1.8,0.329,1.8,4.1,0.43,0.45,1.4,1.9,0.769,0.4,2.5,2.9,0.7,0.4,0.1,0.8,1.2,6.7,
249,James Ennis III,26,MEM,SF,64,28,23.5,2.3,5,0.455,0.8,2.1,0.372,1.5,2.9,0.516,0.534,1.3,1.7,0.782,1.1,3,4,1,0.7,0.3,0.9,2.6,6.7,
250,Raymond Felton,32,LAC,PG,80,11,21.3,2.8,6.4,0.43,0.6,1.8,0.319,2.2,4.6,0.473,0.475,0.6,0.8,0.781,0.4,2.3,2.7,2.4,0.8,0.3,1,1.6,6.7,
Rk,Player,Age,Team,Pos,G,GS,MP,FG,FGA,FG%,3P,3PA,3P%,2P,2PA,2P%,eFG%,FT,FTA,FT%,ORB,DRB,TRB,AST,STL,BLK,TOV,PF,PTS,Awards
251,Devin Harris,33,DAL,PG,65,0,16.7,2.1,5.2,0.399,0.9,2.7,0.328,1.2,2.5,0.476,0.484,1.6,2,0.829,0.2,1.8,2,2.1,0.7,0.1,0.9,1.6,6.7,
252,Dwight Powell,25,DAL,C,77,3,17.3,2.5,4.9,0.515,0.3,1,0.284,2.2,3.9,0.571,0.542,1.4,1.8,0.759,1.2,2.8,4,0.6,0.8,0.5,0.4,1.8,6.7,
253,Jaylen Brown,20,BOS,SF,78,20,17.2,2.5,5.4,0.454,0.6,1.7,0.341,1.9,3.7,0.507,0.508,1.1,1.6,0.685,0.6,2.2,2.8,0.8,0.4,0.2,0.9,1.8,6.6,ROY-8
254,Michael Carter-Williams,25,CHI,PG,45,19,18.8,2.5,6.8,0.366,0.3,1.4,0.234,2.2,5.4,0.401,0.391,1.3,1.7,0.753,0.5,2.9,3.4,2.5,0.8,0.5,1.5,2.3,6.6,
255,Dante Cunningham,29,NOP,PF,66,35,25,2.6,5.4,0.485,1.1,2.7,0.392,1.6,2.7,0.579,0.584,0.2,0.4,0.593,0.8,3.3,4.2,0.6,0.6,0.4,0.4,1.5,6.6,
256,Kosta Koufos,27,SAC,C,71,62,20,3,5.5,0.551,0,0,0,3,5.5,0.552,0.551,0.5,0.9,0.613,1.7,4,5.7,0.7,0.5,0.7,0.9,2.4,6.6,
257,Andre Roberson,25,OKC,SF,79,79,30.1,2.7,5.9,0.464,0.6,2.3,0.245,2.2,3.5,0.609,0.513,0.6,1.4,0.423,1.2,3.9,5.1,1,1.2,1,0.6,2.6,6.6,"DPOY-5,DEF2"
258,Marcus Thornton,29,WAS,SG,33,1,17.4,2.5,6.4,0.4,0.8,2.4,0.35,1.7,3.9,0.431,0.467,0.7,0.8,0.852,0.7,1.6,2.3,1.2,0.6,0.1,0.8,1.5,6.6,
259,Sam Dekker,22,HOU,PF,77,2,18.4,2.6,5.6,0.473,0.8,2.4,0.321,1.9,3.1,0.591,0.543,0.5,0.9,0.559,1.2,2.5,3.7,1,0.5,0.3,0.5,1.1,6.5,
260,Amir Johnson,29,BOS,PF,80,77,20.1,2.7,4.6,0.576,0.3,0.8,0.409,2.3,3.8,0.612,0.612,0.8,1.3,0.67,1.5,3.1,4.6,1.8,0.6,0.8,1,2.6,6.5,
261,Darrell Arthur,28,DEN,PF,41,7,15.6,2.3,5.2,0.442,1.3,2.9,0.453,1,2.4,0.429,0.565,0.5,0.5,0.864,0.6,2.1,2.7,1,0.5,0.5,0.9,1.9,6.4,
262,Timothé Luwawu-Cabarrot,21,PHI,SF,69,19,17.2,2.1,5.2,0.402,0.7,2.3,0.311,1.4,2.9,0.475,0.471,1.5,1.8,0.854,0.4,1.8,2.2,1.1,0.5,0.1,1.1,2.2,6.4,
263,Rodney McGruder,25,MIA,SG,78,65,25.2,2.4,5.9,0.413,0.9,2.8,0.332,1.5,3.1,0.488,0.492,0.6,0.9,0.62,1.2,2.1,3.3,1.6,0.6,0.2,0.7,1.8,6.4,ROY-8
264,Mirza Teletović,31,MIL,PF,70,2,16.2,2.2,6,0.373,1.5,4.4,0.341,0.7,1.6,0.46,0.498,0.5,0.6,0.778,0.2,2.2,2.3,0.7,0.2,0.2,0.5,1.6,6.4,
265,Leandro Barbosa,34,PHO,SG,67,0,14.4,2.6,5.9,0.439,0.5,1.5,0.357,2,4.4,0.466,0.483,0.6,0.7,0.889,0.2,1.3,1.6,1.2,0.5,0.1,0.7,1.2,6.3,
266,Mindaugas Kuzminskas,27,NYK,SF,68,5,14.9,2.3,5.4,0.428,0.8,2.5,0.321,1.5,3,0.517,0.501,0.8,1,0.809,0.7,1.2,1.9,1,0.4,0.2,0.8,1.2,6.3,
267,Kyle O'Quinn,26,NYK,C,79,8,15.6,2.7,5.2,0.521,0,0.2,0.118,2.7,5,0.538,0.523,0.8,1.1,0.771,2,3.6,5.6,1.5,0.5,1.3,1,2.2,6.3,
268,Kelly Oubre Jr.,21,WAS,SF,79,5,20.3,2.4,5.6,0.421,0.7,2.4,0.287,1.7,3.2,0.52,0.482,0.9,1.3,0.758,0.8,2.5,3.3,0.6,0.7,0.2,0.6,2.5,6.3,
269,Troy Williams,22,2TM,SF,30,16,18.6,2.4,5.6,0.437,0.6,2.1,0.29,1.8,3.5,0.524,0.491,0.7,1.1,0.656,0.5,1.8,2.3,0.8,0.9,0.3,1.1,2,6.2,
269,Troy Williams,22,MEM,SF,24,13,17.4,2.1,5.1,0.415,0.4,1.7,0.244,1.7,3.4,0.5,0.455,0.6,1,0.6,0.3,1.6,1.9,0.8,1,0.4,1.1,1.8,5.3,
269,Troy Williams,22,HOU,SF,6,3,23.2,3.7,7.3,0.5,1.3,3.5,0.381,2.3,3.8,0.609,0.591,1,1.2,0.857,1.5,2.5,4,1,0.5,0.2,1,3,9.7,
270,Spencer Hawes,28,2TM,PF,54,1,14.8,2.5,5.1,0.484,0.5,1.5,0.309,2,3.6,0.556,0.529,0.8,1,0.846,0.7,2.8,3.5,1.5,0.3,0.6,0.9,1.4,6.2,
270,Spencer Hawes,28,CHO,PF,35,1,17.9,3,6.2,0.477,0.5,1.6,0.291,2.5,4.7,0.54,0.514,0.9,1,0.882,0.9,3.3,4.2,1.8,0.4,0.7,1.1,1.7,7.3,
270,Spencer Hawes,28,MIL,PF,19,0,9,1.6,3.1,0.508,0.5,1.4,0.346,1.1,1.7,0.636,0.585,0.7,0.9,0.778,0.3,2.1,2.4,1,0.1,0.2,0.5,0.8,4.4,
271,Nemanja Bjelica,28,MIN,PF,65,1,18.3,2.3,5.5,0.424,0.9,2.7,0.316,1.5,2.8,0.531,0.503,0.7,0.9,0.738,0.9,2.9,3.8,1.2,0.6,0.3,0.9,2.4,6.2,
Rk,Player,Age,Team,Pos,G,GS,MP,FG,FGA,FG%,3P,3PA,3P%,2P,2PA,2P%,eFG%,FT,FTA,FT%,ORB,DRB,TRB,AST,STL,BLK,TOV,PF,PTS,Awards
272,Danté Exum,21,UTA,PG,66,26,18.6,2.3,5.5,0.427,0.7,2.3,0.295,1.7,3.2,0.519,0.488,0.9,1.1,0.795,0.5,1.5,2,1.7,0.3,0.2,1.2,2.2,6.2,
273,Jonathan Gibson,29,DAL,PG,17,0,13.6,2.1,5.6,0.368,0.9,2.6,0.333,1.2,2.9,0.4,0.447,1.2,1.7,0.724,0.1,1.2,1.3,1.5,0.5,0,1.2,1.2,6.2,
274,Trey Lyles,21,UTA,PF,71,4,16.3,2.2,6.2,0.362,0.9,2.9,0.319,1.3,3.3,0.4,0.436,0.8,1.1,0.722,0.7,2.6,3.3,1,0.4,0.3,0.9,1.4,6.2,
275,Mike Muscala,25,ATL,C,70,3,17.7,2.4,4.8,0.504,0.7,1.6,0.418,1.8,3.2,0.546,0.573,0.7,0.9,0.766,1.1,2.3,3.4,1.4,0.4,0.6,0.8,1.4,6.2,
276,Chandler Parsons,28,MEM,SF,34,34,19.9,2.2,6.5,0.338,0.7,2.7,0.269,1.5,3.8,0.388,0.394,1,1.3,0.814,0.2,2.3,2.5,1.6,0.6,0.1,0.7,1.5,6.2,
277,Ramon Sessions,30,CHO,PG,50,1,16.2,2,5.3,0.38,0.4,1.2,0.339,1.6,4,0.393,0.42,1.8,2.4,0.771,0.2,1.2,1.5,2.6,0.5,0.1,0.9,0.9,6.2,
278,Jonathon Simmons,27,SAS,SG,78,8,17.8,2.3,5.4,0.42,0.4,1.3,0.294,1.9,4.1,0.461,0.456,1.3,1.7,0.75,0.3,1.8,2.1,1.6,0.6,0.3,1,1.9,6.2,
279,Derrick Williams,25,2TM,PF,50,11,16.1,2.2,4.9,0.443,0.6,1.9,0.309,1.6,2.9,0.531,0.504,1.2,1.8,0.652,0.4,2.2,2.6,0.6,0.3,0.1,0.6,1.2,6.1,
279,Derrick Williams,25,MIA,PF,25,11,15.1,2.2,5.5,0.394,0.4,1.8,0.2,1.8,3.7,0.489,0.427,1.2,2,0.62,0.6,2.3,2.9,0.6,0.4,0.2,0.6,1.3,5.9,
279,Derrick Williams,25,CLE,PF,25,0,17.1,2.2,4.3,0.505,0.8,2.1,0.404,1.3,2.2,0.6,0.603,1.1,1.6,0.692,0.1,2.2,2.3,0.6,0.2,0.1,0.6,1.1,6.2,
280,Luc Mbah a Moute,30,LAC,SF,80,76,22.3,2.4,4.7,0.505,0.5,1.4,0.391,1.9,3.4,0.552,0.562,0.7,1.1,0.678,0.6,1.6,2.1,0.5,1,0.4,0.6,1.5,6.1,
281,JaVale McGee,29,GSW,C,77,10,9.6,2.7,4.1,0.652,0,0,0,2.7,4.1,0.658,0.652,0.7,1.4,0.505,1.3,1.9,3.2,0.2,0.2,0.9,0.5,1.4,6.1,
282,Zaza Pachulia,32,GSW,C,70,70,18.1,2.3,4.4,0.534,0,0,0,2.3,4.4,0.538,0.534,1.4,1.8,0.778,2,3.9,5.9,1.9,0.8,0.5,1.2,2.4,6.1,
283,Glenn Robinson III,23,IND,SF,69,27,20.7,2.3,4.9,0.467,0.7,1.8,0.392,1.6,3.1,0.512,0.54,0.8,1.1,0.711,0.8,2.7,3.6,0.7,0.6,0.3,0.5,0.9,6.1,
284,Álex Abrines,23,OKC,SG,68,6,15.5,2,5,0.393,1.4,3.6,0.381,0.6,1.4,0.426,0.531,0.6,0.7,0.898,0.3,1,1.3,0.6,0.5,0.1,0.5,1.7,6,
285,Bismack Biyombo,24,ORL,C,81,27,22.1,2.2,4.2,0.528,0,0,,2.2,4.2,0.528,0.528,1.5,2.9,0.534,1.9,5.1,7,0.9,0.3,1.1,1.2,2.5,6,
286,Jordan Farmar,30,SAC,PG,2,0,17.5,2,6,0.333,2,4.5,0.444,0,1.5,0,0.5,0,0,,0.5,1,1.5,4.5,1,0,1.5,0.5,6,
287,David Nwaba,24,LAL,SG,20,2,19.9,2.4,4.1,0.58,0.1,0.3,0.2,2.3,3.8,0.605,0.586,1.3,2,0.641,0.9,2.3,3.2,0.7,0.7,0.4,0.6,1.8,6,
288,Lance Thomas,28,NYK,PF,46,15,21,2.1,5.3,0.398,0.8,1.8,0.447,1.3,3.5,0.371,0.475,0.9,1.1,0.843,0.7,2.4,3.1,0.8,0.5,0.1,0.5,1.8,6,
289,Jerian Grant,24,CHI,PG,63,28,16.3,2,4.8,0.425,0.8,2.1,0.366,1.3,2.7,0.473,0.507,1,1.2,0.89,0.3,1.5,1.8,1.9,0.7,0.1,0.7,1.5,5.9,
290,Andrew Harrison,22,MEM,PG,72,18,20.5,1.6,5,0.325,0.6,2.2,0.276,1,2.8,0.363,0.385,2.1,2.7,0.763,0.3,1.6,1.9,2.8,0.7,0.3,1.2,2.7,5.9,
291,Domantas Sabonis,20,OKC,PF,81,66,20.1,2.4,5.9,0.399,0.6,2,0.321,1.7,4,0.438,0.452,0.5,0.8,0.657,0.6,3,3.6,1,0.5,0.4,1,2.5,5.9,
292,Quincy Acy,26,2TM,PF,38,1,14.7,1.8,4.5,0.412,1,2.4,0.411,0.9,2.1,0.413,0.521,1.2,1.6,0.75,0.5,2.5,3,0.5,0.4,0.4,0.6,1.8,5.8,
292,Quincy Acy,26,DAL,PF,6,0,8,0.8,2.8,0.294,0.2,1.2,0.143,0.7,1.7,0.4,0.324,0.3,0.5,0.667,0.3,1,1.3,0,0,0,0.3,1.5,2.2,
292,Quincy Acy,26,BRK,PF,32,1,15.9,2,4.8,0.425,1.1,2.6,0.434,0.9,2.2,0.414,0.542,1.3,1.8,0.754,0.6,2.8,3.3,0.6,0.4,0.5,0.6,1.8,6.5,
Rk,Player,Age,Team,Pos,G,GS,MP,FG,FGA,FG%,3P,3PA,3P%,2P,2PA,2P%,eFG%,FT,FTA,FT%,ORB,DRB,TRB,AST,STL,BLK,TOV,PF,PTS,Awards
293,Beno Udrih,34,DET,PG,39,0,14.4,2.4,5.1,0.467,0.3,0.8,0.344,2.1,4.2,0.491,0.495,0.8,0.9,0.941,0.2,1.3,1.5,3.4,0.3,0,0.9,0.7,5.8,
294,Tarik Black,25,LAL,C,67,16,16.3,2.2,4.4,0.51,0,0,0.5,2.2,4.4,0.51,0.512,1.2,1.6,0.752,2.1,3,5.1,0.6,0.4,0.7,0.9,2.6,5.7,
295,Richard Jefferson,36,CLE,SF,79,13,20.4,1.9,4.3,0.446,0.8,2.4,0.333,1.2,2,0.58,0.536,1,1.4,0.741,0.4,2.2,2.6,1,0.3,0.1,0.7,1.9,5.7,
296,Taurean Prince,22,ATL,SF,59,10,16.6,1.9,4.8,0.4,0.6,1.7,0.324,1.4,3.1,0.443,0.458,1.3,1.6,0.787,0.4,2.2,2.7,0.9,0.7,0.5,1,1.6,5.7,
297,Jason Smith,30,WAS,C,74,3,14.4,2.4,4.4,0.529,0.5,1.1,0.474,1.9,3.4,0.546,0.585,0.5,0.7,0.686,0.9,2.6,3.5,0.5,0.3,0.7,0.8,2.3,5.7,
298,Quinn Cook,23,2TM,PG,14,0,13.4,2.4,4.7,0.5,0.8,1.9,0.423,1.6,2.9,0.55,0.583,0.1,0.4,0.4,0.1,0.4,0.5,1.9,0.3,0,0.9,0.9,5.6,
298,Quinn Cook,23,DAL,PG,5,0,15.4,2.2,5,0.44,1,2.8,0.357,1.2,2.2,0.545,0.54,0,0.4,0,0,0.6,0.6,2.4,0.2,0,1.6,1.2,5.4,
298,Quinn Cook,23,NOP,PG,9,0,12.3,2.4,4.6,0.537,0.7,1.3,0.5,1.8,3.2,0.552,0.61,0.2,0.3,0.667,0.1,0.3,0.4,1.6,0.3,0,0.6,0.8,5.8,
299,Brandon Bass,31,LAC,PF,52,0,11.1,2.1,3.6,0.575,0,0.1,0.333,2,3.5,0.579,0.578,1.5,1.7,0.875,0.8,1.7,2.5,0.4,0.3,0.2,0.6,0.9,5.6,
300,Gerald Green,31,BOS,SF,47,0,11.4,2,4.9,0.409,0.8,2.4,0.351,1.2,2.6,0.463,0.494,0.7,0.9,0.805,0.3,1.4,1.8,0.7,0.2,0.1,0.5,1,5.6,
301,Ian Mahinmi,30,WAS,C,31,0,17.9,2.1,3.6,0.586,0,0,,2.1,3.6,0.586,0.586,1.4,2.4,0.573,1.5,3.3,4.8,0.6,1.1,0.8,1.1,2.9,5.6,
302,Georgios Papagiannis,19,SAC,C,22,0,16.1,2.5,4.6,0.549,0,0.1,0,2.5,4.5,0.56,0.549,0.5,0.6,0.857,1.1,2.8,3.9,0.9,0.1,0.8,1.1,2,5.6,
303,Delon Wright,24,TOR,PG,27,0,16.5,1.8,4.3,0.422,0.4,1.1,0.333,1.4,3.2,0.453,0.466,1.6,2,0.764,0.6,1.2,1.8,2.1,1,0.4,0.9,1.1,5.6,
304,Jerami Grant,22,2TM,PF,80,4,19.1,1.9,4.1,0.463,0.5,1.5,0.371,1.4,2.7,0.514,0.529,1.1,1.8,0.612,0.5,2.1,2.6,0.6,0.4,1,0.6,1.9,5.5,
304,Jerami Grant,22,PHI,PF,2,0,20.5,3,8.5,0.353,0,1,0,3,7.5,0.4,0.353,2,4,0.5,0,3,3,0,0,2,1.5,2.5,8,
304,Jerami Grant,22,OKC,PF,78,4,19.1,1.9,4,0.469,0.6,1.5,0.377,1.3,2.5,0.523,0.539,1.1,1.8,0.619,0.5,2.1,2.6,0.6,0.4,1,0.5,1.8,5.4,
305,Anthony Morrow,31,2TM,SG,49,7,14.6,2,5.1,0.389,0.8,2.7,0.308,1.2,2.4,0.479,0.47,0.7,0.8,0.919,0.2,0.4,0.6,0.5,0.5,0,0.1,0.9,5.5,
305,Anthony Morrow,31,OKC,SG,40,7,15.7,2.2,5.6,0.386,0.9,3,0.294,1.3,2.6,0.49,0.464,0.6,0.7,0.885,0.3,0.5,0.7,0.5,0.6,0.1,0.2,1,5.8,
305,Anthony Morrow,31,CHI,SG,9,0,9.7,1.3,3.2,0.414,0.7,1.6,0.429,0.7,1.7,0.4,0.517,1.2,1.2,1,0.1,0.1,0.2,0.7,0.2,0,0,0.4,4.6,
306,Boban Marjanović,28,DET,C,35,0,8.4,2.1,3.8,0.545,0,0,,2.1,3.8,0.545,0.545,1.3,1.7,0.81,1.3,2.4,3.7,0.3,0.2,0.3,0.3,0.7,5.5,
307,Terry Rozier,22,BOS,PG,74,0,17.1,2,5.6,0.367,0.8,2.4,0.318,1.3,3.1,0.405,0.437,0.7,0.9,0.773,0.5,2.5,3.1,1.8,0.6,0.1,0.6,0.9,5.5,
308,Paul Zipser,22,CHI,SF,44,18,19.2,2,5,0.398,0.8,2.3,0.333,1.3,2.8,0.451,0.473,0.7,0.9,0.775,0.3,2.5,2.8,0.8,0.3,0.4,0.9,1.8,5.5,
309,Joffrey Lauvergne,25,2TM,C,70,1,14,2.1,4.8,0.44,0.5,1.4,0.337,1.6,3.4,0.483,0.49,0.7,1,0.63,1,2.6,3.6,1,0.4,0.1,0.8,1.2,5.4,
309,Joffrey Lauvergne,25,OKC,PF,50,0,14.8,2.2,4.9,0.455,0.5,1.6,0.346,1.7,3.3,0.506,0.51,0.7,1.2,0.638,1,2.6,3.7,1,0.4,0.1,0.8,1.4,5.7,
309,Joffrey Lauvergne,25,CHI,C,20,1,12.1,1.9,4.6,0.402,0.3,1,0.3,1.6,3.6,0.431,0.435,0.5,0.8,0.6,1.1,2.4,3.4,1,0.4,0,0.8,0.6,4.5,
Rk,Player,Age,Team,Pos,G,GS,MP,FG,FGA,FG%,3P,3PA,3P%,2P,2PA,2P%,eFG%,FT,FTA,FT%,ORB,DRB,TRB,AST,STL,BLK,TOV,PF,PTS,Awards
310,Malcolm Delaney,27,ATL,PG,73,2,17.1,2,5.3,0.374,0.4,1.5,0.236,1.6,3.8,0.428,0.407,1,1.3,0.806,0.1,1.5,1.7,2.6,0.5,0,1.3,1.5,5.4,
311,Meyers Leonard,24,POR,PF,74,12,16.5,2,5.1,0.386,1,2.9,0.347,1,2.2,0.436,0.484,0.5,0.5,0.875,0.4,2.8,3.2,1,0.2,0.4,0.5,2.3,5.4,
312,Alexis Ajinça,28,NOP,C,39,15,15,2.3,4.6,0.5,0,0.1,0,2.3,4.5,0.511,0.5,0.7,1,0.725,1.2,3.4,4.5,0.3,0.5,0.6,0.8,2,5.3,
313,Derrick Jones Jr.,19,PHO,SF,32,8,17,2.1,3.8,0.562,0.1,0.3,0.273,2,3.4,0.591,0.574,0.9,1.3,0.707,1.2,1.3,2.5,0.4,0.4,0.4,0.4,2,5.3,
314,Chasson Randle,23,2TM,PG,26,0,11.5,1.5,3.8,0.408,0.6,1.8,0.34,0.9,2,0.471,0.49,1.6,1.7,0.953,0.2,1,1.2,1.3,0.3,0.1,0.7,1.5,5.3,
314,Chasson Randle,23,PHI,PG,8,0,9.3,1.5,3.3,0.462,0.8,1.9,0.4,0.8,1.4,0.545,0.577,1.5,1.5,1,0,0.6,0.6,0.8,0.4,0.1,0.4,1.4,5.3,
314,Chasson Randle,23,NYK,PG,18,0,12.5,1.6,4,0.389,0.6,1.8,0.313,1,2.2,0.45,0.458,1.6,1.7,0.935,0.3,1.2,1.5,1.6,0.3,0.1,0.9,1.6,5.3,
315,Willie Reed,26,MIA,C,71,5,14.5,2.3,4,0.568,0,0.1,0.25,2.3,4,0.573,0.57,0.7,1.2,0.557,1.8,2.9,4.7,0.4,0.3,0.7,0.4,1.9,5.3,
316,Omri Casspi,28,3TM,PF,36,2,17.9,2.1,4.6,0.47,0.4,1.2,0.349,1.7,3.4,0.512,0.515,0.5,0.8,0.586,0.8,2.4,3.1,1,0.6,0.1,0.8,1.4,5.2,
316,Omri Casspi,28,SAC,PF,22,2,18,2.4,5.3,0.453,0.5,1.3,0.379,1.9,4,0.477,0.5,0.5,1,0.571,0.9,3.2,4.1,1.2,0.5,0,0.8,1,5.9,
316,Omri Casspi,28,NOP,PF,1,0,24,5,9,0.556,2,4,0.5,3,5,0.6,0.667,0,0,,1,1,2,0,0,0,2,3,12,
316,Omri Casspi,28,MIN,PF,13,0,17.1,1.5,2.9,0.5,0.2,0.8,0.2,1.3,2.2,0.607,0.526,0.4,0.6,0.625,0.5,1.1,1.5,0.8,1,0.2,0.8,1.8,3.5,
317,Mike Dunleavy,36,2TM,SF,53,2,15.9,1.8,4.2,0.423,1,2.5,0.396,0.8,1.6,0.465,0.543,0.7,0.8,0.8,0.3,1.8,2.2,0.9,0.3,0.1,0.5,1.3,5.2,
317,Mike Dunleavy,36,CLE,SF,23,2,15.9,1.6,3.9,0.4,0.9,2.5,0.351,0.7,1.4,0.485,0.511,0.6,0.8,0.737,0.2,1.8,2,0.9,0.3,0.1,0.6,1.4,4.6,
317,Mike Dunleavy,36,ATL,SF,30,0,15.8,1.9,4.3,0.438,1.1,2.6,0.429,0.8,1.8,0.453,0.565,0.7,0.9,0.846,0.4,1.8,2.3,1,0.3,0.2,0.5,1.2,5.6,
318,Cameron Payne,22,2TM,PG,31,0,14.9,2.1,6.2,0.332,0.9,2.8,0.314,1.2,3.5,0.346,0.402,0.2,0.3,0.625,0.1,1.5,1.5,1.8,0.5,0.1,0.9,1.7,5.2,
318,Cameron Payne,22,OKC,PG,20,0,16,2.2,6.5,0.331,0.8,2.6,0.308,1.4,3.9,0.346,0.392,0.2,0.2,1,0.1,1.5,1.6,2,0.5,0.2,0.8,1.9,5.3,
318,Cameron Payne,22,CHI,PG,11,0,12.9,1.9,5.7,0.333,1,3.1,0.324,0.9,2.6,0.345,0.421,0.1,0.4,0.25,0.1,1.5,1.5,1.4,0.4,0,1.2,1.3,4.9,
319,Randy Foye,33,BRK,SG,69,40,18.6,1.7,4.7,0.363,1,2.9,0.33,0.7,1.8,0.418,0.466,0.8,0.9,0.857,0.1,2.1,2.2,2,0.5,0.1,1.2,1.4,5.2,
320,Hollis Thompson,25,2TM,SG,40,9,18.8,1.9,5,0.385,0.8,2.4,0.337,1.1,2.6,0.429,0.465,0.5,0.7,0.655,0.5,2.3,2.8,0.9,0.5,0.2,0.3,1.7,5.1,
320,Hollis Thompson,25,PHI,SG,31,1,18.1,2.1,5.1,0.415,0.8,2.3,0.366,1.3,2.8,0.455,0.497,0.4,0.6,0.65,0.5,2.2,2.7,0.8,0.5,0.2,0.3,1.8,5.5,
320,Hollis Thompson,25,NOP,SG,9,8,21.2,1.2,4.6,0.268,0.7,2.7,0.25,0.6,1.9,0.294,0.341,0.7,1,0.667,0.4,2.7,3.1,1,0.7,0,0.2,1.6,3.8,
321,Wayne Selden,22,2TM,SG,14,5,16.9,1.8,4.1,0.431,0.5,2,0.25,1.3,2.1,0.6,0.491,1,1.6,0.636,0.1,1.1,1.1,0.9,0.4,0.1,0.9,1.3,5.1,
321,Wayne Selden,22,NOP,SG,3,3,15.7,1.7,2.7,0.625,1.3,2.3,0.571,0.3,0.3,1,0.875,0.7,1.3,0.5,0,1.7,1.7,0.3,0.7,0,1,2,5.3,
321,Wayne Selden,22,MEM,SG,11,2,17.2,1.8,4.5,0.4,0.3,1.9,0.143,1.5,2.6,0.586,0.43,1.1,1.6,0.667,0.1,0.9,1,1.1,0.4,0.1,0.8,1.1,5,
Rk,Player,Age,Team,Pos,G,GS,MP,FG,FGA,FG%,3P,3PA,3P%,2P,2PA,2P%,eFG%,FT,FTA,FT%,ORB,DRB,TRB,AST,STL,BLK,TOV,PF,PTS,Awards
322,Dewayne Dedmon,27,SAS,C,76,37,17.5,2.1,3.4,0.622,0,0,,2.1,3.4,0.622,0.622,0.9,1.2,0.699,1.7,4.8,6.5,0.6,0.5,0.8,0.8,2.4,5.1,
323,Cheick Diallo,20,NOP,PF,17,0,11.7,2.1,4.5,0.474,0,0,,2.1,4.5,0.474,0.474,0.9,1.2,0.714,1.4,2.9,4.3,0.2,0.2,0.4,0.4,1,5.1,
324,Shaun Livingston,31,GSW,PG,76,3,17.7,2.3,4.2,0.547,0,0,0.333,2.3,4.1,0.55,0.549,0.6,0.8,0.7,0.4,1.6,2,1.8,0.5,0.3,0.8,1.6,5.1,
325,Luis Scola,36,BRK,PF,36,1,12.8,2,4.2,0.47,0.5,1.4,0.34,1.5,2.8,0.535,0.526,0.7,1,0.676,1.4,2.4,3.9,1,0.4,0.1,0.9,1.8,5.1,
326,Denzel Valentine,23,CHI,SG,57,0,17.1,1.8,5.1,0.354,1.3,3.6,0.351,0.5,1.4,0.363,0.481,0.2,0.3,0.778,0.2,2.5,2.6,1.1,0.5,0.1,0.9,1.5,5.1,
327,Anthony Bennett,23,BRK,PF,23,1,11.5,1.7,4,0.413,0.6,2.1,0.271,1.1,1.9,0.568,0.484,1.1,1.6,0.722,1.1,2.3,3.4,0.5,0.2,0.1,0.5,0.8,5,
328,Aaron Brooks,32,IND,PG,65,0,13.8,1.9,4.6,0.403,0.7,2,0.375,1.1,2.6,0.424,0.483,0.5,0.6,0.8,0.3,0.8,1.1,1.9,0.4,0.1,1,1.4,5,
329,Trey Burke,24,WAS,PG,57,0,12.3,2,4.5,0.455,0.5,1.2,0.443,1.5,3.2,0.459,0.516,0.4,0.5,0.759,0.1,0.7,0.8,1.8,0.2,0.1,0.8,0.9,5,
330,Joakim Noah,31,NYK,C,46,46,22.1,2.2,4.4,0.49,0,0,0,2.2,4.4,0.493,0.49,0.7,1.7,0.436,3.5,5.2,8.8,2.2,0.7,0.8,1.3,2.8,5,
331,Thomas Robinson,25,LAL,PF,48,1,11.7,2.2,4.1,0.536,0,0,0,2.2,4.1,0.538,0.536,0.6,1.4,0.47,1.8,2.9,4.6,0.6,0.5,0.2,1,1.6,5,
332,Aron Baynes,30,DET,C,75,2,15.5,1.9,3.7,0.513,0,0,,1.9,3.7,0.513,0.513,1.1,1.3,0.84,1.5,3,4.4,0.4,0.2,0.5,0.7,2.2,4.9,
333,Toney Douglas,30,MEM,PG,24,0,16.4,1.8,4.9,0.368,0.3,1.8,0.167,1.5,3.1,0.48,0.397,1,1.2,0.828,0.5,2,2.5,2.3,0.8,0.2,0.9,2.1,4.9,
334,Juancho Hernangómez,21,DEN,PF,62,9,13.6,1.6,3.6,0.451,0.7,1.8,0.407,0.9,1.8,0.495,0.554,0.9,1.2,0.75,0.7,2.3,3,0.5,0.5,0.2,0.5,1,4.9,
335,Mario Hezonja,21,ORL,SF,65,2,14.8,1.8,5.1,0.355,0.7,2.2,0.299,1.1,2.9,0.398,0.42,0.6,0.8,0.8,0.3,1.9,2.2,1,0.5,0.2,0.9,1.1,4.9,
336,Josh McRoberts,29,MIA,PF,22,14,17.3,2,5.4,0.373,0.6,1.4,0.419,1.4,4,0.356,0.428,0.3,0.4,0.667,1,2.3,3.4,2.3,0.5,0.2,1,1.4,4.9,
337,Tiago Splitter,32,PHI,C,8,0,9.5,1.8,3.9,0.452,0.3,0.8,0.333,1.5,3.1,0.48,0.484,1.1,1.4,0.818,1,1.8,2.8,0.5,0.1,0.1,0.8,1,4.9,
338,Luke Babbitt,27,MIA,SF,68,55,15.7,1.7,4.1,0.402,1.3,3.1,0.414,0.4,1,0.366,0.557,0.2,0.2,0.733,0.2,1.9,2.1,0.5,0.3,0.2,0.4,1.7,4.8,
339,Jarell Eddie,25,PHO,SF,5,0,12.4,1.2,3.8,0.316,0.8,3.2,0.25,0.4,0.6,0.667,0.421,1.6,1.8,0.889,0.2,1.2,1.4,0,0.2,0,0.2,0.2,4.8,
340,Cristiano Felício,24,CHI,C,66,0,15.8,1.9,3.3,0.579,0,0,,1.9,3.3,0.579,0.579,0.9,1.4,0.645,1.9,2.8,4.7,0.6,0.4,0.3,0.5,1.7,4.8,
341,Kevin Séraphin,27,IND,PF,49,3,11.4,2.2,4,0.551,0,0,0,2.2,4,0.556,0.551,0.3,0.4,0.636,0.8,2.1,2.9,0.5,0.1,0.4,0.6,1.3,4.7,
342,Roy Hibbert,30,2TM,C,48,13,14.2,1.7,3.1,0.544,0,0,,1.7,3.1,0.544,0.544,1.3,1.6,0.813,1.1,2,3.2,0.4,0.2,1,0.7,2.1,4.6,
342,Roy Hibbert,30,CHO,C,42,13,16,1.9,3.4,0.542,0,0,,1.9,3.4,0.542,0.542,1.5,1.8,0.813,1.3,2.3,3.6,0.5,0.2,1,0.7,2.3,5.2,
342,Roy Hibbert,30,DEN,C,6,0,1.8,0.3,0.5,0.667,0,0,,0.3,0.5,0.667,0.667,0,0,,0.2,0.2,0.3,0.2,0,0.3,0.2,0.5,0.7,
343,Isaiah Canaan,25,CHI,SG,39,0,15.2,1.6,4.4,0.364,0.6,2.4,0.266,1,2,0.481,0.436,0.8,0.8,0.909,0.2,1.1,1.3,0.9,0.6,0,0.5,0.9,4.6,
344,Boris Diaw,34,UTA,PF,73,33,17.6,2,4.5,0.446,0.3,1.1,0.247,1.7,3.4,0.512,0.477,0.4,0.5,0.743,0.6,1.5,2.2,2.3,0.2,0.1,1.2,1.1,4.6,
Rk,Player,Age,Team,Pos,G,GS,MP,FG,FGA,FG%,3P,3PA,3P%,2P,2PA,2P%,eFG%,FT,FTA,FT%,ORB,DRB,TRB,AST,STL,BLK,TOV,PF,PTS,Awards
345,Kris Humphries,31,ATL,PF,56,4,12.3,1.6,3.8,0.407,0.3,1,0.352,1.2,2.9,0.425,0.451,1.1,1.5,0.78,1.1,2.6,3.7,0.5,0.3,0.4,0.5,1.2,4.6,
346,David West,36,GSW,C,68,0,12.6,2,3.7,0.536,0,0.1,0.375,1.9,3.6,0.541,0.542,0.6,0.8,0.768,0.7,2.3,3,2.2,0.6,0.7,1.1,1.5,4.6,
347,Corey Brewer,30,2TM,SF,82,11,15.6,1.8,4.2,0.422,0.3,1.4,0.229,1.5,2.8,0.522,0.461,0.6,0.8,0.735,0.4,1.6,2,1.2,0.7,0.2,0.7,1.6,4.5,
347,Corey Brewer,30,HOU,SF,58,8,15.9,1.6,3.9,0.414,0.4,1.6,0.234,1.2,2.3,0.541,0.463,0.6,0.8,0.727,0.4,1.6,2,1.1,0.6,0.2,0.6,1.8,4.2,
347,Corey Brewer,30,LAL,SF,24,3,14.9,2.2,5,0.438,0.2,1,0.208,2,4,0.495,0.459,0.8,1,0.75,0.5,1.7,2.2,1.5,1,0.3,0.8,1.2,5.4,
348,Dāvis Bertāns,24,SAS,PF,67,6,12.1,1.5,3.5,0.44,1,2.6,0.399,0.5,0.9,0.557,0.588,0.4,0.5,0.824,0.3,1.1,1.5,0.7,0.3,0.4,0.5,1.1,4.5,
349,Reggie Bullock,25,DET,SF,31,5,15.1,1.7,4.1,0.422,0.9,2.4,0.384,0.8,1.8,0.473,0.531,0.2,0.2,0.714,0.4,1.6,2.1,0.9,0.6,0.1,0.3,0.7,4.5,
350,C.J. Watson,32,ORL,PG,62,9,16.3,1.5,4,0.387,0.5,1.7,0.305,1,2.3,0.448,0.452,0.9,1.1,0.864,0.3,1.2,1.4,1.8,0.7,0,0.8,1.4,4.5,
351,Reggie Williams,30,NOP,SF,6,0,13.2,1.3,3.8,0.348,0.8,1.8,0.455,0.5,2,0.25,0.457,1,1.2,0.857,0.3,0.7,1,0.7,0.5,0,0,0.3,4.5,
352,Pierre Jackson,25,DAL,PG,8,1,10.5,1.6,4.9,0.333,0.4,1.4,0.273,1.3,3.5,0.357,0.372,0.8,0.9,0.857,0.1,1,1.1,2.4,0.3,0,0.4,0.6,4.4,
353,Stanley Johnson,20,DET,SF,77,1,17.8,1.7,4.7,0.353,0.6,2,0.292,1.1,2.7,0.398,0.415,0.5,0.7,0.679,0.5,2,2.5,1.4,0.7,0.3,0.9,1.6,4.4,
354,Jordan McRae,25,CLE,SG,37,4,10.4,1.6,4.1,0.387,0.5,1.4,0.353,1.1,2.7,0.404,0.447,0.7,0.9,0.794,0.2,0.9,1.1,0.5,0.2,0.2,0.4,0.8,4.4,
355,Donatas Motiejūnas,26,NOP,PF,34,0,14.1,1.7,4.1,0.413,0.3,1.4,0.234,1.4,2.7,0.505,0.453,0.7,1.4,0.51,0.8,2.2,3,0.9,0.5,0.3,0.9,1.6,4.4,
356,Lucas Nogueira,24,TOR,C,57,6,19.1,1.8,2.7,0.66,0.1,0.2,0.25,1.8,2.5,0.694,0.67,0.8,1.2,0.657,1.4,2.8,4.3,0.7,0.9,1.6,0.8,2.4,4.4,
357,Jarrod Uthoff,23,DAL,PF,9,0,12.8,1.8,4.2,0.421,0.3,1,0.333,1.4,3.2,0.448,0.461,0.6,0.8,0.714,0.9,1.6,2.4,1,0.2,0.4,0.3,0.9,4.4,
358,Noah Vonleh,21,POR,PF,74,41,17.1,1.8,3.6,0.481,0.1,0.3,0.35,1.7,3.4,0.492,0.494,0.8,1.3,0.638,1.8,3.5,5.2,0.4,0.4,0.4,0.9,2.1,4.4,
359,Tyler Ennis,22,2TM,PG,53,2,11.1,1.7,3.9,0.433,0.5,1.3,0.386,1.2,2.6,0.457,0.498,0.4,0.5,0.84,0.2,0.7,0.8,1.6,0.5,0,0.8,1.1,4.3,
359,Tyler Ennis,22,HOU,PG,31,0,6.3,0.8,2.1,0.391,0.2,0.5,0.375,0.6,1.5,0.396,0.438,0.1,0.1,0.667,0.1,0.5,0.6,1.1,0.2,0,0.8,0.9,1.9,
359,Tyler Ennis,22,LAL,PG,22,2,17.8,3,6.5,0.451,1,2.5,0.389,2,4.1,0.489,0.524,0.9,1,0.864,0.2,1,1.2,2.4,0.9,0.1,1,1.3,7.7,
360,Ed Davis,27,POR,PF,46,12,17.2,1.6,3.1,0.528,0,0,,1.6,3.1,0.528,0.528,1.1,1.8,0.617,2.1,3.2,5.3,0.6,0.3,0.5,0.8,3,4.3,
361,Dorian Finney-Smith,23,DAL,PF,81,35,20.3,1.5,4.1,0.372,0.7,2.4,0.293,0.8,1.8,0.479,0.456,0.6,0.8,0.754,0.7,2.1,2.7,0.8,0.6,0.3,0.6,1.5,4.3,
362,K.J. McDaniels,23,2TM,SF,49,0,10.3,1.6,3.4,0.456,0.4,1.3,0.303,1.2,2.1,0.553,0.515,0.7,0.8,0.842,0.3,1.4,1.7,0.3,0.4,0.4,0.6,1,4.2,
362,K.J. McDaniels,23,HOU,SF,29,0,7.3,1.1,2.3,0.456,0.3,0.9,0.333,0.8,1.4,0.537,0.522,0.3,0.3,0.9,0.2,0.8,1,0.1,0.2,0.3,0.3,0.8,2.8,
362,K.J. McDaniels,23,BRK,SF,20,0,14.7,2.3,5.1,0.455,0.6,2,0.282,1.8,3.1,0.565,0.51,1.2,1.4,0.821,0.5,2.2,2.6,0.5,0.6,0.5,1,1.3,6.3,
363,Brandon Rush,31,MIN,SG,47,33,21.9,1.5,4,0.374,0.9,2.4,0.386,0.6,1.6,0.356,0.492,0.3,0.4,0.722,0.3,1.8,2.1,1,0.5,0.5,0.6,0.9,4.2,
Rk,Player,Age,Team,Pos,G,GS,MP,FG,FGA,FG%,3P,3PA,3P%,2P,2PA,2P%,eFG%,FT,FTA,FT%,ORB,DRB,TRB,AST,STL,BLK,TOV,PF,PTS,Awards
364,Pascal Siakam,22,TOR,PF,55,38,15.6,1.9,3.7,0.502,0,0.1,0.143,1.9,3.6,0.515,0.505,0.4,0.6,0.688,1.2,2.2,3.4,0.3,0.5,0.8,0.6,2,4.2,
365,Ron Baker,23,NYK,SG,52,13,16.5,1.6,4.2,0.378,0.4,1.7,0.267,1.1,2.5,0.45,0.431,0.5,0.8,0.651,0.2,1.7,1.9,2.1,0.7,0.2,1.1,1.4,4.1,
366,Shabazz Napier,25,POR,PG,53,2,9.7,1.4,3.5,0.399,0.6,1.7,0.37,0.7,1.7,0.429,0.492,0.7,0.9,0.776,0.2,1,1.2,1.3,0.6,0,0.8,0.7,4.1,
367,Jason Terry,39,MIL,SG,74,0,18.4,1.4,3.3,0.432,1,2.3,0.427,0.4,1,0.444,0.582,0.3,0.4,0.828,0.2,1.2,1.4,1.3,0.6,0.3,0.5,1.3,4.1,
368,Edy Tavares,24,2TM,C,2,0,14,2,2.5,0.8,0,0,,2,2.5,0.8,0.8,0,1.5,0,2,3.5,5.5,0.5,0,3,1,1.5,4,
368,Edy Tavares,24,ATL,C,1,0,4,1,1,1,0,0,,1,1,1,1,0,2,0,0,1,1,0,0,0,0,0,2,
368,Edy Tavares,24,CLE,C,1,0,24,3,4,0.75,0,0,,3,4,0.75,0.75,0,1,0,4,6,10,1,0,6,2,3,6,
369,Kay Felder,21,CLE,PG,42,0,9.2,1.5,3.8,0.392,0.2,0.5,0.318,1.3,3.2,0.404,0.415,0.8,1.2,0.714,0.1,0.9,1,1.4,0.4,0.2,0.7,0.9,4,
370,Justin Harper,27,PHI,PF,3,0,10.3,1.7,4,0.417,0.7,2.3,0.286,1,1.7,0.6,0.5,0,0,,0.7,1,1.7,0.7,0,0,1.3,0.7,4,
371,Thon Maker,19,MIL,C,57,34,9.9,1.5,3.2,0.459,0.5,1.3,0.378,1,1.9,0.514,0.536,0.6,0.9,0.653,0.7,1.3,2,0.4,0.2,0.5,0.3,1.5,4,
372,Patrick McCaw,21,GSW,SG,71,20,15.1,1.5,3.5,0.433,0.6,1.7,0.333,0.9,1.7,0.533,0.516,0.4,0.5,0.784,0.3,1.1,1.4,1.1,0.5,0.2,0.5,0.9,4,
373,Anthony Brown,24,2TM,SF,11,0,14.5,1.6,4.5,0.36,0.6,2.5,0.259,1,2.1,0.478,0.43,0,0,,0.7,2.3,3,0.7,0.5,0.1,0.5,1.4,3.9,
373,Anthony Brown,24,NOP,SF,9,0,15.9,1.6,4.6,0.341,0.7,2.7,0.25,0.9,1.9,0.471,0.415,0,0,,0.7,2.2,2.9,0.7,0.6,0.1,0.6,1.4,3.8,
373,Anthony Brown,24,ORL,SF,2,0,8,2,4.5,0.444,0.5,1.5,0.333,1.5,3,0.5,0.5,0,0,,1,2.5,3.5,1,0,0,0.5,1,4.5,
374,Jarell Martin,22,MEM,PF,42,3,13.3,1.4,3.6,0.384,0.2,0.6,0.36,1.2,3,0.389,0.414,1,1.2,0.8,1,2.9,3.9,0.2,0.4,0.2,0.7,2.2,3.9,
375,Malik Beasley,20,DEN,SG,22,1,7.5,1.5,3.3,0.452,0.4,1.3,0.321,1.1,2,0.533,0.514,0.4,0.5,0.8,0.2,0.5,0.8,0.5,0.3,0,0.4,0.5,3.8,
376,Kris Dunn,22,MIN,PG,78,7,17.1,1.5,4,0.377,0.3,0.9,0.288,1.2,3.1,0.404,0.411,0.5,0.8,0.61,0.3,1.8,2.1,2.4,1,0.5,1.1,2.3,3.8,
377,Jonas Jerebko,29,BOS,PF,78,6,15.8,1.5,3.4,0.435,0.6,1.7,0.346,0.9,1.7,0.523,0.521,0.3,0.5,0.703,0.8,2.7,3.5,0.9,0.3,0.2,0.5,1.6,3.8,
378,Malachi Richardson,21,SAC,SG,22,0,9,1.3,3.1,0.412,0.4,1.3,0.286,0.9,1.8,0.5,0.471,0.7,0.9,0.789,0.1,0.9,1,0.5,0.2,0,0.4,1,3.6,
379,Johnny O'Bryant,23,2TM,PF,11,0,7.3,1.4,2.7,0.5,0.3,0.5,0.5,1.1,2.2,0.5,0.55,0.5,0.5,0.833,0.8,0.9,1.7,0.5,0,0.1,0.5,0.9,3.5,
379,Johnny O'Bryant,23,DEN,PF,7,0,6.6,1,2.1,0.467,0.3,0.4,0.667,0.7,1.7,0.417,0.533,0.6,0.6,1,0.7,0.9,1.6,0.3,0,0.1,0.4,0.6,2.9,
379,Johnny O'Bryant,23,CHO,PF,4,0,8.5,2,3.8,0.533,0.3,0.8,0.333,1.8,3,0.583,0.567,0.3,0.5,0.5,1,1,2,1,0,0,0.8,1.5,4.5,
380,Tyus Jones,20,MIN,PG,60,0,12.9,1.3,3,0.414,0.4,1.2,0.356,0.8,1.8,0.454,0.486,0.6,0.7,0.767,0.2,1,1.1,2.6,0.8,0.1,0.6,0.8,3.5,
381,Adreian Payne,25,MIN,PF,18,0,7.5,1.3,3,0.426,0.2,0.8,0.2,1.1,2.2,0.513,0.454,0.8,1.1,0.737,0.5,1.3,1.8,0.4,0.4,0.4,0.4,1.8,3.5,
382,Brian Roberts,31,CHO,PG,41,2,10.1,1.1,3,0.377,0.4,1.1,0.386,0.7,1.9,0.372,0.447,0.8,1,0.846,0.1,0.8,1,1.3,0.2,0,0.6,0.4,3.5,
Rk,Player,Age,Team,Pos,G,GS,MP,FG,FGA,FG%,3P,3PA,3P%,2P,2PA,2P%,eFG%,FT,FTA,FT%,ORB,DRB,TRB,AST,STL,BLK,TOV,PF,PTS,Awards
383,Rashad Vaughn,20,MIL,SG,41,2,11.2,1.4,3.8,0.365,0.6,2,0.321,0.8,1.8,0.413,0.449,0,0.1,0.4,0.1,1.1,1.2,0.6,0.5,0.2,0.3,0.8,3.5,
384,Tyler Zeller,27,BOS,C,51,5,10.3,1.5,3.1,0.494,0,0,0,1.5,3.1,0.497,0.494,0.4,0.8,0.564,0.8,1.6,2.4,0.8,0.1,0.4,0.4,1.2,3.5,
385,José Calderón,35,2TM,PG,41,13,13.1,1.3,3.3,0.41,0.5,1.6,0.313,0.9,1.7,0.5,0.485,0.3,0.3,0.917,0.4,1.4,1.8,2.1,0.3,0,1,0.9,3.4,
385,José Calderón,35,LAL,PG,24,11,12.2,1.3,3.2,0.416,0.5,1.4,0.353,0.8,1.8,0.465,0.494,0.2,0.2,1,0.3,1.4,1.8,2.1,0.3,0,1.1,0.9,3.3,
385,José Calderón,35,ATL,PG,17,2,14.5,1.4,3.4,0.404,0.5,1.8,0.267,0.9,1.6,0.556,0.474,0.4,0.5,0.875,0.4,1.5,1.9,2.2,0.2,0,0.9,0.8,3.6,
386,Kyle Anderson,23,SAS,SF,72,14,14.2,1.3,2.9,0.445,0.2,0.6,0.375,1.1,2.3,0.462,0.481,0.6,0.8,0.789,0.5,2.4,2.9,1.3,0.7,0.4,0.5,0.9,3.4,
387,Dragan Bender,19,PHO,PF,43,0,13.3,1.3,3.7,0.354,0.7,2.3,0.277,0.7,1.4,0.483,0.441,0.1,0.3,0.364,0.5,1.9,2.4,0.5,0.2,0.5,0.7,1.7,3.4,
388,Dejounte Murray,20,SAS,PG,38,8,8.5,1.3,3.1,0.431,0.2,0.6,0.391,1.1,2.4,0.441,0.47,0.6,0.8,0.7,0.2,0.9,1.1,1.3,0.2,0.2,1,0.8,3.4,
389,Jared Sullinger,24,TOR,PF,11,1,10.7,1.4,4.3,0.319,0.3,1.6,0.167,1.1,2.6,0.414,0.351,0.4,0.7,0.5,0.9,1.5,2.5,0.3,0.4,0.1,0.4,1.5,3.4,
390,Norris Cole,28,OKC,PG,13,0,9.6,1.2,4,0.308,0.2,1,0.231,1,3,0.333,0.337,0.6,0.8,0.8,0,0.8,0.8,1.1,0.6,0,0.5,1.4,3.3,
391,Darrun Hilliard,23,DET,SG,39,1,9.8,1.2,3.2,0.373,0.3,1.2,0.261,0.9,2.1,0.438,0.421,0.5,0.7,0.75,0.1,0.8,0.8,0.8,0.3,0.1,0.7,1,3.3,
392,Nicolás Laprovíttola,27,SAS,PG,18,3,9.7,1.1,2.6,0.426,0.6,1.5,0.37,0.6,1.1,0.5,0.532,0.5,0.5,1,0.1,0.5,0.6,1.6,0.2,0.1,1.1,1.1,3.3,
393,Gary Payton II,24,MIL,PG,6,0,16.5,1.3,3.7,0.364,0.2,1.5,0.111,1.2,2.2,0.538,0.386,0.5,0.8,0.6,0,2,2,2.2,0.5,0.7,1.7,1.5,3.3,
394,Wade Baldwin,20,MEM,PG,33,1,12.3,1.1,3.5,0.313,0.1,0.7,0.136,1,2.8,0.355,0.326,0.9,1.1,0.838,0.3,1.1,1.4,1.8,0.5,0.2,1.2,1.2,3.2,
395,Henry Ellenson,20,DET,PF,19,2,7.7,1.2,3.4,0.359,0.5,1.8,0.286,0.7,1.5,0.448,0.438,0.2,0.4,0.5,0.4,1.7,2.2,0.4,0.1,0.1,0.7,0.3,3.2,
396,Paul Pierce,39,LAC,SF,25,7,11.1,1.1,2.8,0.4,0.6,1.7,0.349,0.5,1.1,0.481,0.507,0.4,0.5,0.769,0,1.9,1.9,0.4,0.2,0.2,0.6,1.6,3.2,
397,Briante Weber,24,2TM,PG,20,0,10.3,1.3,3,0.417,0.1,0.5,0.1,1.2,2.5,0.48,0.425,0.6,0.8,0.688,0.4,0.9,1.3,1.1,0.6,0.1,0.4,0.8,3.1,
397,Briante Weber,24,GSW,PG,7,0,6.6,0.7,2,0.357,0,0.4,0,0.7,1.6,0.455,0.357,0.3,0.4,0.667,0,0.6,0.6,0.7,0.4,0.1,0.4,0.6,1.7,
397,Briante Weber,24,CHO,PG,13,0,12.2,1.5,3.5,0.435,0.1,0.5,0.143,1.5,3,0.487,0.446,0.7,1,0.692,0.6,1.1,1.7,1.2,0.7,0,0.4,0.9,3.8,
398,Maurice Ndour,24,NYK,PF,32,4,10.3,1.2,2.7,0.453,0,0.2,0.143,1.2,2.5,0.481,0.459,0.6,0.8,0.731,0.7,1.3,2,0.3,0.5,0.3,0.4,0.9,3.1,
399,Jakob Poeltl,21,TOR,C,54,4,11.6,1.2,2.1,0.583,0,0,,1.2,2.1,0.583,0.583,0.6,1.1,0.544,1.4,1.6,3.1,0.2,0.3,0.4,0.5,2.1,3.1,
400,Jarrett Jack,33,NOP,PG,2,0,16.5,1,1.5,0.667,0,0.5,0,1,1,1,0.667,1,1,1,0,0,0,2.5,1,0,1.5,2,3,
401,Sheldon Mac,24,WAS,SG,30,3,9.6,1,2.5,0.4,0.2,1,0.233,0.8,1.5,0.511,0.447,0.8,0.9,0.852,0.1,1,1.1,0.5,0.3,0.1,0.2,0.6,3,
402,Sasha Vujačić,32,NYK,SG,42,4,9.7,1,3.2,0.309,0.5,1.8,0.311,0.5,1.5,0.306,0.393,0.4,0.6,0.708,0.3,1.1,1.4,1.2,0.3,0,0.4,0.9,3,
403,Andrew Bogut,32,2TM,C,27,21,21.6,1.4,3,0.469,0,0,0,1.4,3,0.475,0.469,0.1,0.4,0.273,2.1,6,8.1,1.8,0.5,0.9,1.6,3.2,2.9,
Rk,Player,Age,Team,Pos,G,GS,MP,FG,FGA,FG%,3P,3PA,3P%,2P,2PA,2P%,eFG%,FT,FTA,FT%,ORB,DRB,TRB,AST,STL,BLK,TOV,PF,PTS,Awards
403,Andrew Bogut,32,DAL,C,26,21,22.4,1.5,3.1,0.469,0,0,0,1.5,3.1,0.475,0.469,0.1,0.4,0.273,2.2,6.2,8.4,1.9,0.5,1,1.7,3.2,3,
403,Andrew Bogut,32,CLE,C,1,0,1,0,0,,0,0,,0,0,,,0,0,,0,0,0,0,0,0,0,2,0,
404,Lavoy Allen,27,IND,PF,61,5,14.3,1.3,2.8,0.458,0,0,0,1.3,2.7,0.461,0.458,0.4,0.5,0.697,1.7,1.9,3.6,0.9,0.3,0.4,0.5,1.3,2.9,
405,Alan Anderson,34,LAC,SF,30,0,10.3,1,2.7,0.375,0.5,1.5,0.318,0.5,1.2,0.444,0.463,0.4,0.5,0.75,0.1,0.7,0.8,0.4,0.1,0,0.2,1.2,2.9,
406,Semaj Christon,24,OKC,PG,64,1,15.2,1.2,3.5,0.345,0.2,1,0.19,1,2.5,0.406,0.372,0.3,0.5,0.548,0.3,1.1,1.4,2,0.4,0.1,0.7,1.2,2.9,
407,Salah Mejri,30,DAL,C,73,11,12.4,1.2,1.9,0.642,0,0,0.333,1.2,1.8,0.649,0.646,0.5,0.8,0.59,1.3,2.9,4.2,0.2,0.4,0.8,0.5,2.1,2.9,
408,Fred VanVleet,22,TOR,PG,37,0,7.9,1.1,3,0.351,0.3,0.8,0.379,0.8,2.2,0.341,0.401,0.5,0.6,0.818,0.1,1,1.1,0.9,0.4,0.1,0.4,1,2.9,
409,Jeff Withey,26,UTA,C,51,1,8.5,1.1,2,0.534,0,0,0,1.1,2,0.539,0.534,0.7,0.9,0.75,1,1.4,2.4,0.1,0.3,0.6,0.3,1,2.9,
410,Axel Toupane,24,2TM,SF,4,0,11.8,1.3,2.3,0.556,0.3,1,0.25,1,1.3,0.8,0.611,0,0,,0,0.3,0.3,0,0.3,0.3,0,1.5,2.8,
410,Axel Toupane,24,MIL,SF,2,0,3,0,0.5,0,0,0.5,0,0,0,,0,0,0,,0,0,0,0,0,0,0,0.5,0,
410,Axel Toupane,24,NOP,SF,2,0,20.5,2.5,4,0.625,0.5,1.5,0.333,2,2.5,0.8,0.688,0,0,,0,0.5,0.5,0,0.5,0.5,0,2.5,5.5,
411,Nicolás Brussino,23,DAL,SG,54,2,9.6,1,2.6,0.369,0.5,1.8,0.305,0.4,0.9,0.5,0.472,0.3,0.4,0.773,0.5,1.3,1.8,0.9,0.3,0.1,0.5,0.8,2.8,
412,Marcus Georges-Hunt,22,ORL,SG,5,0,9.6,0.4,1.4,0.286,0.2,0.4,0.5,0.2,1,0.2,0.357,1.8,2,0.9,0.2,1.6,1.8,0.6,0.2,0,0.4,1,2.8,
413,James Jones,36,CLE,SF,48,2,7.9,0.9,1.9,0.478,0.6,1.4,0.47,0.3,0.5,0.5,0.647,0.3,0.4,0.65,0.1,0.7,0.8,0.3,0.1,0.2,0.2,0.8,2.8,
414,James Michael McAdoo,24,GSW,PF,52,2,8.8,1.2,2.3,0.53,0,0.2,0.25,1.2,2.1,0.55,0.538,0.4,0.8,0.5,0.7,1.1,1.8,0.3,0.3,0.6,0.4,0.9,2.8,
415,Chinanu Onuaku,20,HOU,C,5,1,10.4,1,1.4,0.714,0,0,,1,1.4,0.714,0.714,0.8,0.8,1,0.4,1.6,2,0.6,0.6,0.2,0.8,1.2,2.8,
416,Kyle Singler,28,OKC,SF,32,2,12,1.1,2.6,0.41,0.2,1.2,0.189,0.8,1.4,0.587,0.452,0.4,0.5,0.765,0.3,1.3,1.5,0.3,0.2,0.2,0.3,0.9,2.8,
417,Okaro White,24,MIA,PF,35,0,13.5,0.9,2.5,0.379,0.3,1,0.353,0.6,1.5,0.396,0.448,0.6,0.6,0.909,0.7,1.6,2.3,0.6,0.3,0.3,0.5,1.5,2.8,
418,Ömer Aşık,30,NOP,C,31,19,15.5,1,2.1,0.477,0,0,,1,2.1,0.477,0.477,0.7,1.3,0.59,1.5,3.7,5.3,0.5,0.2,0.3,0.5,1.6,2.7,
419,DeAndre' Bembry,22,ATL,SF,38,1,9.8,1.2,2.6,0.48,0,0.5,0.056,1.2,2.1,0.575,0.485,0.2,0.4,0.375,0.4,1.2,1.6,0.7,0.2,0.1,0.4,0.6,2.7,
420,Marcelo Huertas,33,LAL,PG,23,1,10.3,1.1,3,0.368,0.2,0.8,0.211,0.9,2.1,0.429,0.397,0.4,0.7,0.529,0.1,1,1,2.3,0.4,0.1,0.8,0.7,2.7,
421,Wesley Johnson,29,LAC,SF,68,3,11.9,1.1,2.9,0.365,0.4,1.7,0.246,0.6,1.2,0.537,0.438,0.2,0.3,0.647,0.4,2.3,2.7,0.3,0.4,0.4,0.3,1.2,2.7,
422,Tomáš Satoranský,25,WAS,SG,57,3,12.6,1.1,2.6,0.415,0.2,0.6,0.243,0.9,1.9,0.473,0.446,0.4,0.6,0.697,0.4,1,1.5,1.6,0.5,0.1,0.7,1.1,2.7,
423,Christian Wood,21,CHO,PF,13,0,8.2,0.9,1.8,0.522,0,0.4,0,0.9,1.4,0.667,0.522,0.8,1.2,0.733,1.1,1.2,2.2,0.2,0.2,0.5,0.5,0.8,2.7,
424,Andrew Nicholson,27,2TM,PF,38,0,9,1.1,2.9,0.387,0.1,0.7,0.185,1,2.2,0.452,0.41,0.2,0.4,0.643,0.4,1.2,1.6,0.3,0.4,0.2,0.4,1.4,2.6,
Rk,Player,Age,Team,Pos,G,GS,MP,FG,FGA,FG%,3P,3PA,3P%,2P,2PA,2P%,eFG%,FT,FTA,FT%,ORB,DRB,TRB,AST,STL,BLK,TOV,PF,PTS,Awards
424,Andrew Nicholson,27,WAS,PF,28,0,8.3,1.1,2.8,0.39,0.1,0.6,0.188,1,2.2,0.443,0.409,0.3,0.4,0.583,0.4,0.8,1.2,0.3,0.4,0.2,0.4,1.3,2.5,
424,Andrew Nicholson,27,BRK,PF,10,0,11.1,1.3,3.4,0.382,0.2,1.1,0.182,1.1,2.3,0.478,0.412,0.2,0.2,1,0.4,2.3,2.7,0.3,0.5,0,0.6,1.8,3,
425,Bryn Forbes,23,SAS,SG,36,0,7.9,1,2.8,0.364,0.5,1.5,0.321,0.5,1.3,0.413,0.449,0.1,0.2,0.833,0.1,0.6,0.6,0.6,0,0,0.3,0.6,2.6,
426,DeAndre Liggins,28,2TM,SG,62,19,12.5,0.9,2.3,0.387,0.3,0.7,0.37,0.6,1.5,0.396,0.447,0.4,0.6,0.625,0.3,1.4,1.7,0.9,0.8,0.2,0.7,1.3,2.5,
426,DeAndre Liggins,28,CLE,SG,61,19,12.3,0.9,2.2,0.382,0.3,0.7,0.378,0.6,1.5,0.385,0.445,0.4,0.6,0.622,0.3,1.4,1.7,0.9,0.7,0.2,0.7,1.3,2.4,
426,DeAndre Liggins,28,DAL,SG,1,0,25,3,6,0.5,0,1,0,3,5,0.6,0.5,2,3,0.667,3,4,7,0,2,0,0,3,8,
427,Miles Plumlee,28,2TM,C,45,12,10.8,1,2,0.478,0,0,,1,2,0.478,0.478,0.6,0.9,0.641,0.8,1.3,2.1,0.5,0.4,0.3,0.7,1.6,2.5,
427,Miles Plumlee,28,MIL,C,32,12,9.7,0.9,2.1,0.441,0,0,,0.9,2.1,0.441,0.441,0.7,1.1,0.629,0.7,0.9,1.7,0.6,0.3,0.3,0.7,1.5,2.6,
427,Miles Plumlee,28,CHO,C,13,0,13.4,1.1,1.8,0.583,0,0,,1.1,1.8,0.583,0.583,0.2,0.3,0.75,1.2,2.1,3.2,0.2,0.5,0.3,0.6,1.9,2.4,
428,Bobby Brown,32,HOU,PG,25,0,4.9,0.9,2.4,0.383,0.6,1.4,0.4,0.4,1,0.36,0.5,0.1,0.1,1,0,0.2,0.2,0.6,0,0,0.2,0.2,2.5,
429,Pat Connaughton,24,POR,SG,39,1,8.1,0.9,1.8,0.514,0.4,0.8,0.515,0.5,1,0.513,0.632,0.2,0.2,0.778,0.3,1.1,1.3,0.7,0.2,0.1,0.4,0.6,2.5,
430,Kevon Looney,20,GSW,C,53,4,8.4,1.1,2,0.523,0,0.2,0.222,1,1.8,0.551,0.533,0.4,0.6,0.618,0.8,1.5,2.3,0.5,0.3,0.3,0.3,1.2,2.5,
431,Raul Neto,24,UTA,PG,40,0,8.7,1,2.3,0.451,0.3,0.8,0.323,0.8,1.5,0.517,0.505,0.2,0.2,0.889,0.1,0.7,0.8,0.9,0.5,0.1,0.4,1.2,2.5,
432,Mike Scott,28,ATL,PF,18,0,10.8,0.9,3.3,0.288,0.2,1.5,0.148,0.7,1.8,0.406,0.322,0.4,0.4,0.875,0.6,1.5,2.1,0.9,0.2,0.2,0.4,0.7,2.5,
433,Chris McCullough,21,2TM,PF,16,0,5,1,2,0.5,0.1,0.4,0.143,0.9,1.6,0.6,0.516,0.2,0.3,0.6,0.6,0.6,1.2,0.1,0.1,0.1,0.2,0.4,2.3,
433,Chris McCullough,21,BRK,PF,14,0,5.1,1.1,2.2,0.516,0.1,0.4,0.167,1.1,1.8,0.6,0.532,0.1,0.2,0.667,0.6,0.6,1.2,0.1,0.1,0.1,0.1,0.5,2.5,
433,Chris McCullough,21,WAS,PF,2,0,4,0,0.5,0,0,0.5,0,0,0,,0,0.5,1,0.5,0,1,1,0,0.5,0,0.5,0,0.5,
434,Chris Andersen,38,CLE,C,12,0,9.5,0.8,1.8,0.409,0,0.3,0,0.8,1.6,0.474,0.409,0.8,1.2,0.714,0.8,1.8,2.6,0.4,0.4,0.6,0.4,1.7,2.3,
435,Greivis Vásquez,30,BRK,PG,3,0,13,0.7,2.7,0.25,0.3,1,0.333,0.3,1.7,0.2,0.313,0.7,1,0.667,0,0.7,0.7,1.7,0.3,0.3,0.3,2,2.3,
436,Metta World Peace,37,LAL,SF,25,2,6.4,0.8,2.7,0.279,0.4,1.5,0.237,0.4,1.2,0.333,0.346,0.4,0.6,0.625,0.2,0.6,0.8,0.4,0.4,0.1,0.3,0.7,2.3,
437,James Young,21,BOS,SG,29,0,7.6,0.9,2,0.431,0.4,1.2,0.343,0.4,0.8,0.565,0.534,0.2,0.3,0.667,0.2,0.7,0.9,0.1,0.3,0.1,0.1,0.5,2.3,
438,A.J. Hammons,24,DAL,C,22,0,7.4,0.8,1.9,0.405,0.2,0.5,0.5,0.5,1.5,0.375,0.464,0.4,0.9,0.45,0.4,1.3,1.6,0.2,0,0.6,0.5,1,2.2,
439,Jake Layman,22,POR,SF,35,1,7.1,0.7,2.5,0.292,0.4,1.5,0.255,0.4,1.1,0.342,0.365,0.4,0.5,0.765,0.2,0.5,0.7,0.3,0.3,0.1,0.3,0.6,2.2,
440,Treveon Graham,23,CHO,SG,27,1,7,0.7,1.5,0.475,0.3,0.6,0.6,0.4,0.9,0.4,0.588,0.4,0.6,0.667,0.2,0.6,0.8,0.2,0.2,0,0.1,0.7,2.1,
441,Joe Young,24,IND,PG,33,0,4.1,0.8,2.2,0.361,0.2,0.7,0.217,0.6,1.5,0.429,0.396,0.3,0.5,0.733,0,0.5,0.5,0.5,0.1,0,0.2,0.2,2.1,
Rk,Player,Age,Team,Pos,G,GS,MP,FG,FGA,FG%,3P,3PA,3P%,2P,2PA,2P%,eFG%,FT,FTA,FT%,ORB,DRB,TRB,AST,STL,BLK,TOV,PF,PTS,Awards
442,Rakeem Christmas,25,IND,PF,29,0,7.6,0.7,1.5,0.442,0,0,,0.7,1.5,0.442,0.442,0.7,1,0.724,0.9,1,1.9,0.1,0.1,0.2,0.3,1.3,2,
443,Manny Harris,27,DAL,SG,4,0,6.3,0.8,3.8,0.2,0,0.5,0,0.8,3.3,0.231,0.2,0.5,1,0.5,0.8,1.5,2.3,0.5,0,0,0.5,0.3,2,
444,Demetrius Jackson,22,BOS,PG,5,0,3.4,0.6,0.8,0.75,0.2,0.2,1,0.4,0.6,0.667,0.875,0.6,1.2,0.5,0.4,0.4,0.8,0.6,0,0,0,0,2,
445,Gary Neal,32,ATL,SG,2,0,9,0,3.5,0,0,1,0,0,2.5,0,0,2,2,1,0,0.5,0.5,0.5,0,0,0,0.5,2,
446,Udonis Haslem,36,MIA,C,16,0,8.1,0.7,1.4,0.478,0,0.2,0,0.7,1.3,0.55,0.478,0.6,0.9,0.6,0.5,1.8,2.3,0.4,0.4,0.1,0.5,1.4,1.9,
447,Damian Jones,21,GSW,C,10,0,8.5,0.8,1.6,0.5,0,0,,0.8,1.6,0.5,0.5,0.3,1,0.3,0.9,1.4,2.3,0,0.1,0.4,0.6,1.5,1.9,
448,Marshall Plumlee,24,NYK,C,21,1,8.1,0.8,1.4,0.533,0,0,,0.8,1.4,0.533,0.533,0.4,0.9,0.421,1.1,1.3,2.4,0.5,0.2,0.2,0.6,1.1,1.9,
449,Tim Quarterman,22,POR,SG,16,0,5,0.8,1.8,0.448,0.3,0.8,0.385,0.5,1,0.5,0.534,0,0.2,0,0.3,0.6,0.9,0.7,0.1,0.2,0.7,0.4,1.9,
450,Joel Bolomboy,23,UTA,PF,12,0,4.4,0.8,1.3,0.563,0.1,0.3,0.25,0.7,1,0.667,0.594,0.3,0.5,0.5,0.3,1.1,1.4,0.2,0.1,0.2,0.2,0.1,1.8,
451,John Jenkins,25,PHO,SG,4,0,3.3,0.5,1.3,0.4,0.3,0.5,0.5,0.3,0.8,0.333,0.5,0.5,0.5,1,0,0.3,0.3,0.3,0,0,0,0,1.8,
452,Lamar Patterson,25,ATL,SG,5,0,8,0.6,3,0.2,0.2,1.2,0.167,0.4,1.8,0.222,0.233,0.4,0.6,0.667,0.2,1.2,1.4,1.2,0.2,0,0.8,1.2,1.8,
453,Damjan Rudež,30,ORL,SF,45,0,7,0.7,2,0.352,0.4,1.4,0.313,0.2,0.5,0.458,0.466,0,0,,0.1,0.4,0.6,0.4,0.3,0,0.2,0.7,1.8,
454,Cole Aldrich,28,MIN,C,62,0,8.6,0.7,1.4,0.523,0,0,,0.7,1.4,0.523,0.523,0.2,0.4,0.682,0.8,1.7,2.5,0.4,0.4,0.4,0.3,1.4,1.7,
455,Nick Collison,36,OKC,PF,20,0,6.4,0.7,1.2,0.609,0,0.1,0,0.7,1.1,0.636,0.609,0.3,0.4,0.625,0.5,1.1,1.6,0.6,0.1,0.1,0.2,0.9,1.7,
456,Jordan Hill,29,MIN,C,7,0,6.7,0.7,1.9,0.385,0,0,,0.7,1.9,0.385,0.385,0.3,0.3,1,1.1,0.9,2,0,0.1,0,0.6,1.3,1.7,
457,Bruno Caboclo,21,TOR,SF,9,0,4.4,0.7,1.8,0.375,0.2,0.7,0.333,0.4,1.1,0.4,0.438,0,0,,0.6,0.6,1.1,0.4,0.2,0.1,0.2,0.4,1.6,
458,Deyonta Davis,20,MEM,C,36,0,6.6,0.7,1.3,0.511,0,0,,0.7,1.3,0.511,0.511,0.3,0.5,0.556,0.6,1.1,1.7,0.1,0.1,0.5,0.2,1.1,1.6,
459,Ryan Kelly,25,ATL,PF,16,0,6.9,0.5,1.8,0.286,0.3,0.6,0.4,0.3,1.1,0.222,0.357,0.3,0.4,0.833,0.1,1.1,1.1,0.5,0.3,0.3,0.3,0.3,1.6,
460,Jordan Mickey,22,BOS,PF,25,1,5.6,0.6,1.4,0.441,0,0,0,0.6,1.3,0.455,0.441,0.3,0.6,0.571,0.5,0.8,1.4,0.3,0.1,0.2,0.4,0.5,1.5,
461,Elijah Millsap,29,PHO,SG,2,0,11.5,0.5,3.5,0.143,0,1,0,0.5,2.5,0.2,0.143,0.5,1,0.5,1.5,1.5,3,0.5,0,0,1,1,1.5,
462,Jarnell Stokes,23,DEN,C,2,0,3.5,0.5,0.5,1,0,0,,0.5,0.5,1,1,0.5,1,0.5,0.5,0.5,1,1,0.5,0,0,1.5,1.5,
463,Mike Miller,36,DEN,SF,20,0,7.6,0.5,1.2,0.391,0.4,1,0.4,0.1,0.2,0.333,0.565,0.1,0.1,1,0.1,1.8,1.9,1.1,0.1,0,0.7,0.5,1.4,
464,Diamond Stone,19,LAC,C,7,0,3.4,0.4,1.9,0.231,0,0,,0.4,1.9,0.231,0.231,0.6,0.6,1,0.1,0.7,0.9,0,0,0.1,0.3,0.7,1.4,
465,Joel Anthony,34,SAS,C,19,0,6.4,0.5,0.8,0.625,0,0,,0.5,0.8,0.625,0.625,0.3,0.4,0.625,0.4,1.2,1.6,0.2,0.1,0.3,0.2,0.6,1.3,
466,Brice Johnson,22,LAC,PF,3,0,3,0.7,2.3,0.286,0,0,,0.7,2.3,0.286,0.286,0,0,,0.3,0.7,1,0.3,0.7,0.3,0.3,0,1.3,
Rk,Player,Age,Team,Pos,G,GS,MP,FG,FGA,FG%,3P,3PA,3P%,2P,2PA,2P%,eFG%,FT,FTA,FT%,ORB,DRB,TRB,AST,STL,BLK,TOV,PF,PTS,Awards
467,Daniel Ochefu,23,WAS,C,19,0,3.9,0.6,1.4,0.444,0,0,,0.6,1.4,0.444,0.444,0,0.1,0,0.3,0.9,1.2,0.2,0.1,0,0.2,0.9,1.3,
468,Anderson Varejão,34,GSW,C,14,1,6.6,0.4,1,0.357,0,0,,0.4,1,0.357,0.357,0.6,0.8,0.727,0.9,1.1,1.9,0.7,0.2,0.2,0.6,1.1,1.3,
469,Stephen Zimmerman,20,ORL,C,19,0,5.7,0.5,1.6,0.323,0,0,,0.5,1.6,0.323,0.323,0.2,0.3,0.6,0.6,1.3,1.8,0.2,0.1,0.3,0.2,0.9,1.2,
470,Ronnie Price,33,PHO,PG,14,0,9.6,0.3,1.7,0.167,0.2,1.2,0.176,0.1,0.5,0.143,0.229,0.2,0.3,0.75,0.2,0.6,0.8,1.3,0.8,0.1,0.2,1,1,
471,Mike Tobey,22,CHO,C,2,0,12.5,0.5,2,0.25,0,0,,0.5,2,0.25,0.25,0,0,,1,0.5,1.5,0.5,0,0,0.5,1,1,
472,C.J. Wilcox,26,ORL,SG,22,0,4.9,0.4,1.4,0.258,0.1,0.7,0.2,0.2,0.7,0.313,0.306,0.1,0.1,1,0.2,0.4,0.5,0.5,0.1,0,0.3,0.4,1,
473,Georges Niang,23,IND,PF,23,0,4,0.4,1.6,0.25,0,0.5,0.083,0.3,1,0.333,0.264,0.1,0.1,1,0.1,0.7,0.7,0.2,0.1,0,0.2,0.3,0.9,
474,Kyle Wiltjer,24,HOU,PF,14,0,3.1,0.3,1,0.286,0.3,0.9,0.308,0,0.1,0,0.429,0.1,0.1,0.5,0.3,0.4,0.7,0.1,0.2,0.1,0.4,0.3,0.9,
475,Alonzo Gee,29,DEN,SF,13,0,6.8,0.2,1.1,0.214,0,0.2,0,0.2,0.8,0.273,0.214,0.4,0.7,0.556,0.3,0.8,1.2,0.5,0.4,0.1,0.3,1.1,0.8,
476,Larry Sanders,28,CLE,C,5,0,2.6,0.2,0.8,0.25,0,0,,0.2,0.8,0.25,0.25,0.4,0.4,1,0.6,0.2,0.8,0,0.2,0.2,0.4,1,0.8,
477,Isaiah Taylor,22,HOU,PG,4,0,13,0.3,1.8,0.143,0,0.5,0,0.3,1.3,0.2,0.143,0.3,0.5,0.5,0.3,0.5,0.8,0.8,0.3,0.3,0,1.5,0.8,
478,Steve Novak,33,MIL,PF,8,0,2.8,0.3,0.9,0.286,0.1,0.8,0.167,0.1,0.1,1,0.357,0,0,,0,0.4,0.4,0,0,0,0,0.1,0.6,
479,Arinze Onuaku,29,ORL,C,8,0,3.5,0.3,0.5,0.5,0,0,,0.3,0.5,0.5,0.5,0,0,,0.3,0.5,0.8,0.3,0,0.1,0.3,0.4,0.5,
480,Michael Gbinije,24,DET,SG,9,0,3.6,0.1,1.1,0.1,0,0.4,0,0.1,0.7,0.167,0.1,0.2,0.2,1,0.2,0.1,0.3,0.2,0,0,0,0.2,0.4,
481,John Lucas III,34,MIN,PG,5,0,2.2,0.2,0.8,0.25,0,0.2,0,0.2,0.6,0.333,0.25,0,0,,0,0,0,0.2,0.4,0,0,0,0.4,
482,Aaron Harrison,22,CHO,SG,5,0,3.4,0,0.8,0,0,0.4,0,0,0.4,0,0,0.2,0.4,0.5,0,0.6,0.6,0.6,0,0,0,0.4,0.2,
483,Ben Bentil,21,DAL,PF,3,0,3.3,0,1,0,0,0.3,0,0,0.7,0,0,0,0,,0,0.7,0.7,0,0,0,0.3,0.3,0,
484,Patricio Garino,23,ORL,SG,5,0,8.6,0,1.4,0,0,1,0,0,0.4,0,0,0,0,,0.2,1.2,1.4,0,0,0,0.6,0.8,0,
485,Danuel House Jr.,23,WAS,SG,1,0,1,0,0,,0,0,,0,0,,,0,0,,0,1,1,0,0,0,0,0,0,
486,R.J. Hunter,23,CHI,SG,3,0,3,0,0.3,0,0,0.3,0,0,0,,0,0,0,,0,0.3,0.3,0,0,0,0,0,0,
